wanted_id,wanted_type,priority,series,issue_number,display_name,search_query,story_arc,story_title,part_label,wanted_reason,source_report,source_url,notes
facsimile_batman_232,facsimile,High,Batman,232,Batman #232 Facsimile Edition,Batman #232 Facsimile Edition,First Ra's al Ghul: Daughter of the Demon,,facsimile,Shopping candidate,facsimiles_shopping_priority.csv,https://www.dc.com/comics/batman-facsimile-edition-2019/batman-232-facsimile-edition-1,Official DC page confirms 2019 facsimile.
facsimile_detective_comics_66,facsimile,High,Detective Comics,66,Detective Comics #66 Facsimile Edition,Detective Comics #66 Facsimile Edition,First Two-Face,,facsimile,Shopping candidate,facsimiles_shopping_priority.csv,,User confirmed facsimile exists; very expensive original; strong local villain value.
run_batman_553,series_run_missing,High,Batman,553,Batman #553,Batman #553,Batman: Cataclysm,,core,absent_from_sheet,series_run_missing_issues.csv,https://en.wikipedia.org/wiki/Batman%3A_Cataclysm,
run_batman_554,series_run_missing,High,Batman,554,Batman #554,Batman #554,Batman: Cataclysm,,core,absent_from_sheet,series_run_missing_issues.csv,https://en.wikipedia.org/wiki/Batman%3A_Cataclysm,
run_batman_555,series_run_missing,High,Batman,555,Batman #555,Batman #555,Road to No Man's Land,,Volume 1,absent_from_sheet,series_run_missing_issues.csv,https://en.wikipedia.org/wiki/Batman%3A_No_Man%27s_Land,
run_batman_556,series_run_missing,High,Batman,556,Batman #556,Batman #556,Road to No Man's Land,,Volume 1,absent_from_sheet,series_run_missing_issues.csv,https://en.wikipedia.org/wiki/Batman%3A_No_Man%27s_Land,
run_batman_557,series_run_missing,High,Batman,557,Batman #557,Batman #557,Road to No Man's Land,,Volume 1,absent_from_sheet,series_run_missing_issues.csv,https://en.wikipedia.org/wiki/Batman%3A_No_Man%27s_Land,
run_batman_558,series_run_missing,High,Batman,558,Batman #558,Batman #558,Road to No Man's Land,,Volume 1,absent_from_sheet,series_run_missing_issues.csv,https://en.wikipedia.org/wiki/Batman%3A_No_Man%27s_Land,
run_batman_559,series_run_missing,High,Batman,559,Batman #559,Batman #559,Road to No Man's Land,,Volume 1,absent_from_sheet,series_run_missing_issues.csv,https://en.wikipedia.org/wiki/Batman%3A_No_Man%27s_Land,
run_batman_560,series_run_missing,High,Batman,560,Batman #560,Batman #560,Road to No Man's Land,,Volume 2,absent_from_sheet,series_run_missing_issues.csv,https://en.wikipedia.org/wiki/Batman%3A_No_Man%27s_Land,
run_batman_561,series_run_missing,High,Batman,561,Batman #561,Batman #561,Road to No Man's Land,,Volume 2,absent_from_sheet,series_run_missing_issues.csv,https://en.wikipedia.org/wiki/Batman%3A_No_Man%27s_Land,
run_batman_562,series_run_missing,High,Batman,562,Batman #562,Batman #562,Road to No Man's Land,,Volume 2,absent_from_sheet,series_run_missing_issues.csv,https://en.wikipedia.org/wiki/Batman%3A_No_Man%27s_Land,
run_batman_563,series_run_missing,High,Batman,563,Batman #563,Batman #563,Batman: No Man's Land,,Volume 1,absent_from_sheet,series_run_missing_issues.csv,https://en.wikipedia.org/wiki/Batman%3A_No_Man%27s_Land,
run_batman_564,series_run_missing,High,Batman,564,Batman #564,Batman #564,Batman: No Man's Land,,Volume 1,absent_from_sheet,series_run_missing_issues.csv,https://en.wikipedia.org/wiki/Batman%3A_No_Man%27s_Land,
run_batman_565,series_run_missing,High,Batman,565,Batman #565,Batman #565,Batman: No Man's Land,,Volume 1,absent_from_sheet,series_run_missing_issues.csv,https://en.wikipedia.org/wiki/Batman%3A_No_Man%27s_Land,
run_batman_566,series_run_missing,High,Batman,566,Batman #566,Batman #566,Batman: No Man's Land,,Volume 1,absent_from_sheet,series_run_missing_issues.csv,https://en.wikipedia.org/wiki/Batman%3A_No_Man%27s_Land,
run_batman_567,series_run_missing,High,Batman,567,Batman #567,Batman #567,Batman: No Man's Land,,Volume 2,absent_from_sheet,series_run_missing_issues.csv,https://en.wikipedia.org/wiki/Batman%3A_No_Man%27s_Land,
run_batman_568,series_run_missing,High,Batman,568,Batman #568,Batman #568,Batman: No Man's Land,,Volume 2,absent_from_sheet,series_run_missing_issues.csv,https://en.wikipedia.org/wiki/Batman%3A_No_Man%27s_Land,
run_batman_569,series_run_missing,High,Batman,569,Batman #569,Batman #569,Batman: No Man's Land,,Volume 3,absent_from_sheet,series_run_missing_issues.csv,https://en.wikipedia.org/wiki/Batman%3A_No_Man%27s_Land,
run_batman_570,series_run_missing,High,Batman,570,Batman #570,Batman #570,Batman: No Man's Land,,Volume 3,absent_from_sheet,series_run_missing_issues.csv,https://en.wikipedia.org/wiki/Batman%3A_No_Man%27s_Land,
run_batman_571,series_run_missing,High,Batman,571,Batman #571,Batman #571,Batman: No Man's Land,,Volume 3,absent_from_sheet,series_run_missing_issues.csv,https://en.wikipedia.org/wiki/Batman%3A_No_Man%27s_Land,
run_batman_572,series_run_missing,High,Batman,572,Batman #572,Batman #572,Batman: No Man's Land,,Volume 4,absent_from_sheet,series_run_missing_issues.csv,https://en.wikipedia.org/wiki/Batman%3A_No_Man%27s_Land,
run_batman_573,series_run_missing,High,Batman,573,Batman #573,Batman #573,Batman: No Man's Land,,Volume 4,absent_from_sheet,series_run_missing_issues.csv,https://en.wikipedia.org/wiki/Batman%3A_No_Man%27s_Land,
run_batman_574,series_run_missing,High,Batman,574,Batman #574,Batman #574,Batman: No Man's Land,,Volume 4,absent_from_sheet,series_run_missing_issues.csv,https://en.wikipedia.org/wiki/Batman%3A_No_Man%27s_Land,
run_detective_comics_719,series_run_missing,High,Detective Comics,719,Detective Comics #719,Detective Comics #719,Batman: Cataclysm,,core,absent_from_sheet,series_run_missing_issues.csv,https://en.wikipedia.org/wiki/Batman%3A_Cataclysm,
run_detective_comics_720,series_run_missing,High,Detective Comics,720,Detective Comics #720,Detective Comics #720,Batman: Cataclysm,,core,absent_from_sheet,series_run_missing_issues.csv,https://en.wikipedia.org/wiki/Batman%3A_Cataclysm,
run_detective_comics_721,series_run_missing,High,Detective Comics,721,Detective Comics #721,Detective Comics #721,Batman: Cataclysm,,core,absent_from_sheet,series_run_missing_issues.csv,https://en.wikipedia.org/wiki/Batman%3A_Cataclysm,
run_detective_comics_722,series_run_missing,High,Detective Comics,722,Detective Comics #722,Detective Comics #722,Road to No Man's Land,,Volume 1,absent_from_sheet,series_run_missing_issues.csv,https://en.wikipedia.org/wiki/Batman%3A_No_Man%27s_Land,
run_detective_comics_724,series_run_missing,High,Detective Comics,724,Detective Comics #724,Detective Comics #724,Road to No Man's Land,,Volume 1,absent_from_sheet,series_run_missing_issues.csv,https://en.wikipedia.org/wiki/Batman%3A_No_Man%27s_Land,
run_detective_comics_725,series_run_missing,High,Detective Comics,725,Detective Comics #725,Detective Comics #725,Road to No Man's Land,,Volume 1,absent_from_sheet,series_run_missing_issues.csv,https://en.wikipedia.org/wiki/Batman%3A_No_Man%27s_Land,
run_detective_comics_726,series_run_missing,High,Detective Comics,726,Detective Comics #726,Detective Comics #726,Road to No Man's Land,,Volume 1,absent_from_sheet,series_run_missing_issues.csv,https://en.wikipedia.org/wiki/Batman%3A_No_Man%27s_Land,
run_detective_comics_727,series_run_missing,High,Detective Comics,727,Detective Comics #727,Detective Comics #727,Road to No Man's Land,,Volume 2,absent_from_sheet,series_run_missing_issues.csv,https://en.wikipedia.org/wiki/Batman%3A_No_Man%27s_Land,
run_detective_comics_728,series_run_missing,High,Detective Comics,728,Detective Comics #728,Detective Comics #728,Road to No Man's Land,,Volume 2,absent_from_sheet,series_run_missing_issues.csv,https://en.wikipedia.org/wiki/Batman%3A_No_Man%27s_Land,
run_detective_comics_729,series_run_missing,High,Detective Comics,729,Detective Comics #729,Detective Comics #729,Road to No Man's Land,,Volume 2,absent_from_sheet,series_run_missing_issues.csv,https://en.wikipedia.org/wiki/Batman%3A_No_Man%27s_Land,
run_detective_comics_730,series_run_missing,High,Detective Comics,730,Detective Comics #730,Detective Comics #730,Batman: No Man's Land,,Volume 1,absent_from_sheet,series_run_missing_issues.csv,https://en.wikipedia.org/wiki/Batman%3A_No_Man%27s_Land,
run_detective_comics_731,series_run_missing,High,Detective Comics,731,Detective Comics #731,Detective Comics #731,Batman: No Man's Land,,Volume 1,absent_from_sheet,series_run_missing_issues.csv,https://en.wikipedia.org/wiki/Batman%3A_No_Man%27s_Land,
run_detective_comics_732,series_run_missing,High,Detective Comics,732,Detective Comics #732,Detective Comics #732,Batman: No Man's Land,,Volume 1,absent_from_sheet,series_run_missing_issues.csv,https://en.wikipedia.org/wiki/Batman%3A_No_Man%27s_Land,
run_detective_comics_733,series_run_missing,High,Detective Comics,733,Detective Comics #733,Detective Comics #733,Batman: No Man's Land,,Volume 1,absent_from_sheet,series_run_missing_issues.csv,https://en.wikipedia.org/wiki/Batman%3A_No_Man%27s_Land,
run_detective_comics_734,series_run_missing,High,Detective Comics,734,Detective Comics #734,Detective Comics #734,Batman: No Man's Land,,Volume 2,absent_from_sheet,series_run_missing_issues.csv,https://en.wikipedia.org/wiki/Batman%3A_No_Man%27s_Land,
run_detective_comics_735,series_run_missing,High,Detective Comics,735,Detective Comics #735,Detective Comics #735,Batman: No Man's Land,,Volume 2,absent_from_sheet,series_run_missing_issues.csv,https://en.wikipedia.org/wiki/Batman%3A_No_Man%27s_Land,
run_detective_comics_736,series_run_missing,High,Detective Comics,736,Detective Comics #736,Detective Comics #736,Batman: No Man's Land,,Volume 3,absent_from_sheet,series_run_missing_issues.csv,https://en.wikipedia.org/wiki/Batman%3A_No_Man%27s_Land,
run_detective_comics_737,series_run_missing,High,Detective Comics,737,Detective Comics #737,Detective Comics #737,Batman: No Man's Land,,Volume 3,absent_from_sheet,series_run_missing_issues.csv,https://en.wikipedia.org/wiki/Batman%3A_No_Man%27s_Land,
run_detective_comics_738,series_run_missing,High,Detective Comics,738,Detective Comics #738,Detective Comics #738,Batman: No Man's Land,,Volume 3,absent_from_sheet,series_run_missing_issues.csv,https://en.wikipedia.org/wiki/Batman%3A_No_Man%27s_Land,
run_detective_comics_739,series_run_missing,High,Detective Comics,739,Detective Comics #739,Detective Comics #739,Batman: No Man's Land,,Volume 4,absent_from_sheet,series_run_missing_issues.csv,https://en.wikipedia.org/wiki/Batman%3A_No_Man%27s_Land,
run_detective_comics_740,series_run_missing,High,Detective Comics,740,Detective Comics #740,Detective Comics #740,Batman: No Man's Land,,Volume 4,absent_from_sheet,series_run_missing_issues.csv,https://en.wikipedia.org/wiki/Batman%3A_No_Man%27s_Land,
run_detective_comics_741,series_run_missing,High,Detective Comics,741,Detective Comics #741,Detective Comics #741,Batman: No Man's Land,,Volume 4,absent_from_sheet,series_run_missing_issues.csv,https://en.wikipedia.org/wiki/Batman%3A_No_Man%27s_Land,
facsimile_batman_11,facsimile,Medium,Batman,11,Batman #11 Facsimile Edition,Batman #11 Facsimile Edition,Early Golden Age Batman,,facsimile,Shopping candidate,facsimiles_shopping_priority.csv,,User confirmed facsimile exists via listing; buy Cover A / standard cover only.
facsimile_detective_comics_40,facsimile,Medium,Detective Comics,40,Detective Comics #40 Facsimile Edition,Detective Comics #40 Facsimile Edition,Early Joker appearance,,facsimile,Shopping candidate,facsimiles_shopping_priority.csv,,"User confirmed facsimile exists; Golden Age history, but less core than Bronze detective material."
facsimile_detective_comics_575,facsimile,Medium,Detective Comics,575,Detective Comics #575 Facsimile Edition,Detective Comics #575 Facsimile Edition,Year Two Part 1,,facsimile,Shopping candidate,facsimiles_shopping_priority.csv,https://www.thecomiccrush.com/singles-crush/batman-year-two-facsimile-editions,"Year Two facsimiles are useful, but originals may still be attainable."
facsimile_limited_collectors_edition_c-25,facsimile,Medium,Limited Collectors' Edition,C-25,Limited Collectors' Edition #C-25 Facsimile Edition,Limited Collectors' Edition #C-25 Facsimile Edition,Oversized Batman treasury reprint collection,,facsimile,Shopping candidate,facsimiles_shopping_priority.csv,,User confirmed facsimile exists via listing; original was an oversized DC treasury/tabloid Batman reprint collection; track as Batman-related facsimile but not a normal monthly issue.
run_batman_408,series_run_missing,Medium,Batman,408,Batman #408,Batman #408,,,,absent_from_sheet,series_run_missing_issues.csv,,
run_batman_409,series_run_missing,Medium,Batman,409,Batman #409,Batman #409,,,,absent_from_sheet,series_run_missing_issues.csv,,
run_batman_412,series_run_missing,Medium,Batman,412,Batman #412,Batman #412,,,,absent_from_sheet,series_run_missing_issues.csv,,
run_batman_413,series_run_missing,Medium,Batman,413,Batman #413,Batman #413,,,,absent_from_sheet,series_run_missing_issues.csv,,
run_batman_415,series_run_missing,Medium,Batman,415,Batman #415,Batman #415,,,,absent_from_sheet,series_run_missing_issues.csv,,
run_batman_417,series_run_missing,Medium,Batman,417,Batman #417,Batman #417,,,,absent_from_sheet,series_run_missing_issues.csv,,
run_batman_418,series_run_missing,Medium,Batman,418,Batman #418,Batman #418,,,,absent_from_sheet,series_run_missing_issues.csv,,
run_batman_422,series_run_missing,Medium,Batman,422,Batman #422,Batman #422,,,,absent_from_sheet,series_run_missing_issues.csv,,
run_batman_423,series_run_missing,Medium,Batman,423,Batman #423,Batman #423,,,,absent_from_sheet,series_run_missing_issues.csv,,
run_batman_424,series_run_missing,Medium,Batman,424,Batman #424,Batman #424,,,,absent_from_sheet,series_run_missing_issues.csv,,
run_batman_425,series_run_missing,Medium,Batman,425,Batman #425,Batman #425,,,,absent_from_sheet,series_run_missing_issues.csv,,
run_batman_426,series_run_missing,Medium,Batman,426,Batman #426,Batman #426,A Death in the Family,,Part 1,not_owned,series_run_missing_issues.csv,https://en.wikipedia.org/wiki/List_of_Batman_comics,
run_batman_427,series_run_missing,Medium,Batman,427,Batman #427,Batman #427,A Death in the Family,,Part 2,not_owned,series_run_missing_issues.csv,https://en.wikipedia.org/wiki/List_of_Batman_comics,
run_batman_431,series_run_missing,Medium,Batman,431,Batman #431,Batman #431,,,,absent_from_sheet,series_run_missing_issues.csv,,
run_batman_440,series_run_missing,Medium,Batman,440,Batman #440,Batman #440,A Lonely Place of Dying,,Part 1,not_owned,series_run_missing_issues.csv,https://en.wikipedia.org/wiki/List_of_Batman_comics,Crossover continues in The New Titans #60-61 and Batman #441-442.
run_batman_442,series_run_missing,Medium,Batman,442,Batman #442,Batman #442,A Lonely Place of Dying,,Part 3,not_owned,series_run_missing_issues.csv,https://en.wikipedia.org/wiki/List_of_Batman_comics,Crossover continues in The New Titans #60-61 and Batman #440-442.
run_batman_444,series_run_missing,Medium,Batman,444,Batman #444,Batman #444,,,,absent_from_sheet,series_run_missing_issues.csv,,
run_batman_445,series_run_missing,Medium,Batman,445,Batman #445,Batman #445,,,,absent_from_sheet,series_run_missing_issues.csv,,
run_batman_450,series_run_missing,Medium,Batman,450,Batman #450,Batman #450,,,,absent_from_sheet,series_run_missing_issues.csv,,
run_batman_451,series_run_missing,Medium,Batman,451,Batman #451,Batman #451,,,,absent_from_sheet,series_run_missing_issues.csv,,
run_batman_453,series_run_missing,Medium,Batman,453,Batman #453,Batman #453,,,,absent_from_sheet,series_run_missing_issues.csv,,
run_batman_454,series_run_missing,Medium,Batman,454,Batman #454,Batman #454,,,,absent_from_sheet,series_run_missing_issues.csv,,
run_batman_463,series_run_missing,Medium,Batman,463,Batman #463,Batman #463,,,,absent_from_sheet,series_run_missing_issues.csv,,
run_batman_465,series_run_missing,Medium,Batman,465,Batman #465,Batman #465,,,,absent_from_sheet,series_run_missing_issues.csv,,
run_batman_475,series_run_missing,Medium,Batman,475,Batman #475,Batman #475,,,,absent_from_sheet,series_run_missing_issues.csv,,
run_batman_524,series_run_missing,Medium,Batman,524,Batman #524,Batman #524,,,,absent_from_sheet,series_run_missing_issues.csv,,
run_batman_536,series_run_missing,Medium,Batman,536,Batman #536,Batman #536,,,,absent_from_sheet,series_run_missing_issues.csv,,
run_batman_540,series_run_missing,Medium,Batman,540,Batman #540,Batman #540,,,,absent_from_sheet,series_run_missing_issues.csv,,
run_batman_546,series_run_missing,Medium,Batman,546,Batman #546,Batman #546,,,,absent_from_sheet,series_run_missing_issues.csv,,
run_batman_547,series_run_missing,Medium,Batman,547,Batman #547,Batman #547,,,,absent_from_sheet,series_run_missing_issues.csv,,
run_batman_550,series_run_missing,Medium,Batman,550,Batman #550,Batman #550,,,,absent_from_sheet,series_run_missing_issues.csv,,
run_batman_551,series_run_missing,Medium,Batman,551,Batman #551,Batman #551,,,,absent_from_sheet,series_run_missing_issues.csv,,
run_batman_552,series_run_missing,Medium,Batman,552,Batman #552,Batman #552,,,,absent_from_sheet,series_run_missing_issues.csv,,
run_detective_comics_568,series_run_missing,Medium,Detective Comics,568,Detective Comics #568,Detective Comics #568,,,,absent_from_sheet,series_run_missing_issues.csv,,
run_detective_comics_569,series_run_missing,Medium,Detective Comics,569,Detective Comics #569,Detective Comics #569,,,,absent_from_sheet,series_run_missing_issues.csv,,
run_detective_comics_571,series_run_missing,Medium,Detective Comics,571,Detective Comics #571,Detective Comics #571,,,,absent_from_sheet,series_run_missing_issues.csv,,
run_detective_comics_572,series_run_missing,Medium,Detective Comics,572,Detective Comics #572,Detective Comics #572,,,,absent_from_sheet,series_run_missing_issues.csv,,
run_detective_comics_573,series_run_missing,Medium,Detective Comics,573,Detective Comics #573,Detective Comics #573,,,,absent_from_sheet,series_run_missing_issues.csv,,
run_detective_comics_574,series_run_missing,Medium,Detective Comics,574,Detective Comics #574,Detective Comics #574,,,,absent_from_sheet,series_run_missing_issues.csv,,
run_detective_comics_575,series_run_missing,Medium,Detective Comics,575,Detective Comics #575,Detective Comics #575,Batman: Year Two,,Part 1,not_owned,series_run_missing_issues.csv,https://en.wikipedia.org/wiki/Publication_history_of_DC_Deluxe_Editions,
run_detective_comics_576,series_run_missing,Medium,Detective Comics,576,Detective Comics #576,Detective Comics #576,Batman: Year Two,,Part 2,not_owned,series_run_missing_issues.csv,https://en.wikipedia.org/wiki/Publication_history_of_DC_Deluxe_Editions,
run_detective_comics_577,series_run_missing,Medium,Detective Comics,577,Detective Comics #577,Detective Comics #577,Batman: Year Two,,Part 3,not_owned,series_run_missing_issues.csv,https://en.wikipedia.org/wiki/Publication_history_of_DC_Deluxe_Editions,
run_detective_comics_578,series_run_missing,Medium,Detective Comics,578,Detective Comics #578,Detective Comics #578,Batman: Year Two,,Part 4,not_owned,series_run_missing_issues.csv,https://en.wikipedia.org/wiki/Publication_history_of_DC_Deluxe_Editions,
run_detective_comics_579,series_run_missing,Medium,Detective Comics,579,Detective Comics #579,Detective Comics #579,,,,absent_from_sheet,series_run_missing_issues.csv,,
run_detective_comics_580,series_run_missing,Medium,Detective Comics,580,Detective Comics #580,Detective Comics #580,,,,absent_from_sheet,series_run_missing_issues.csv,,
run_detective_comics_581,series_run_missing,Medium,Detective Comics,581,Detective Comics #581,Detective Comics #581,,,,absent_from_sheet,series_run_missing_issues.csv,,
run_detective_comics_582,series_run_missing,Medium,Detective Comics,582,Detective Comics #582,Detective Comics #582,,,,absent_from_sheet,series_run_missing_issues.csv,,
run_detective_comics_583,series_run_missing,Medium,Detective Comics,583,Detective Comics #583,Detective Comics #583,,,,absent_from_sheet,series_run_missing_issues.csv,,
run_detective_comics_584,series_run_missing,Medium,Detective Comics,584,Detective Comics #584,Detective Comics #584,,,,absent_from_sheet,series_run_missing_issues.csv,,
run_detective_comics_585,series_run_missing,Medium,Detective Comics,585,Detective Comics #585,Detective Comics #585,,,,absent_from_sheet,series_run_missing_issues.csv,,
run_detective_comics_586,series_run_missing,Medium,Detective Comics,586,Detective Comics #586,Detective Comics #586,,,,absent_from_sheet,series_run_missing_issues.csv,,
run_detective_comics_587,series_run_missing,Medium,Detective Comics,587,Detective Comics #587,Detective Comics #587,,,,absent_from_sheet,series_run_missing_issues.csv,,
run_detective_comics_589,series_run_missing,Medium,Detective Comics,589,Detective Comics #589,Detective Comics #589,,,,absent_from_sheet,series_run_missing_issues.csv,,
run_detective_comics_590,series_run_missing,Medium,Detective Comics,590,Detective Comics #590,Detective Comics #590,,,,absent_from_sheet,series_run_missing_issues.csv,,
run_detective_comics_591,series_run_missing,Medium,Detective Comics,591,Detective Comics #591,Detective Comics #591,,,,absent_from_sheet,series_run_missing_issues.csv,,
run_detective_comics_592,series_run_missing,Medium,Detective Comics,592,Detective Comics #592,Detective Comics #592,,,,absent_from_sheet,series_run_missing_issues.csv,,
run_detective_comics_593,series_run_missing,Medium,Detective Comics,593,Detective Comics #593,Detective Comics #593,,,,absent_from_sheet,series_run_missing_issues.csv,,
run_detective_comics_594,series_run_missing,Medium,Detective Comics,594,Detective Comics #594,Detective Comics #594,,,,absent_from_sheet,series_run_missing_issues.csv,,
run_detective_comics_596,series_run_missing,Medium,Detective Comics,596,Detective Comics #596,Detective Comics #596,,,,absent_from_sheet,series_run_missing_issues.csv,,
run_detective_comics_597,series_run_missing,Medium,Detective Comics,597,Detective Comics #597,Detective Comics #597,,,,absent_from_sheet,series_run_missing_issues.csv,,
run_detective_comics_598,series_run_missing,Medium,Detective Comics,598,Detective Comics #598,Detective Comics #598,,,,absent_from_sheet,series_run_missing_issues.csv,,
run_detective_comics_599,series_run_missing,Medium,Detective Comics,599,Detective Comics #599,Detective Comics #599,,,,absent_from_sheet,series_run_missing_issues.csv,,
run_detective_comics_600,series_run_missing,Medium,Detective Comics,600,Detective Comics #600,Detective Comics #600,,,,absent_from_sheet,series_run_missing_issues.csv,,
run_detective_comics_602,series_run_missing,Medium,Detective Comics,602,Detective Comics #602,Detective Comics #602,,,,absent_from_sheet,series_run_missing_issues.csv,,
run_detective_comics_603,series_run_missing,Medium,Detective Comics,603,Detective Comics #603,Detective Comics #603,,,,absent_from_sheet,series_run_missing_issues.csv,,
run_detective_comics_608,series_run_missing,Medium,Detective Comics,608,Detective Comics #608,Detective Comics #608,,,,absent_from_sheet,series_run_missing_issues.csv,,
run_detective_comics_609,series_run_missing,Medium,Detective Comics,609,Detective Comics #609,Detective Comics #609,,,,absent_from_sheet,series_run_missing_issues.csv,,
run_detective_comics_611,series_run_missing,Medium,Detective Comics,611,Detective Comics #611,Detective Comics #611,,,,absent_from_sheet,series_run_missing_issues.csv,,
run_detective_comics_612,series_run_missing,Medium,Detective Comics,612,Detective Comics #612,Detective Comics #612,,,,absent_from_sheet,series_run_missing_issues.csv,,
run_detective_comics_613,series_run_missing,Medium,Detective Comics,613,Detective Comics #613,Detective Comics #613,,,,absent_from_sheet,series_run_missing_issues.csv,,
run_detective_comics_614,series_run_missing,Medium,Detective Comics,614,Detective Comics #614,Detective Comics #614,,,,absent_from_sheet,series_run_missing_issues.csv,,
run_detective_comics_615,series_run_missing,Medium,Detective Comics,615,Detective Comics #615,Detective Comics #615,,,,absent_from_sheet,series_run_missing_issues.csv,,
run_detective_comics_622,series_run_missing,Medium,Detective Comics,622,Detective Comics #622,Detective Comics #622,,,,absent_from_sheet,series_run_missing_issues.csv,,
run_detective_comics_623,series_run_missing,Medium,Detective Comics,623,Detective Comics #623,Detective Comics #623,,,,absent_from_sheet,series_run_missing_issues.csv,,
run_detective_comics_630,series_run_missing,Medium,Detective Comics,630,Detective Comics #630,Detective Comics #630,,,,absent_from_sheet,series_run_missing_issues.csv,,
run_detective_comics_632,series_run_missing,Medium,Detective Comics,632,Detective Comics #632,Detective Comics #632,,,,absent_from_sheet,series_run_missing_issues.csv,,
run_detective_comics_639,series_run_missing,Medium,Detective Comics,639,Detective Comics #639,Detective Comics #639,,,,absent_from_sheet,series_run_missing_issues.csv,,
run_detective_comics_641,series_run_missing,Medium,Detective Comics,641,Detective Comics #641,Detective Comics #641,,,,absent_from_sheet,series_run_missing_issues.csv,,
run_detective_comics_647,series_run_missing,Medium,Detective Comics,647,Detective Comics #647,Detective Comics #647,,,,absent_from_sheet,series_run_missing_issues.csv,,
run_detective_comics_648,series_run_missing,Medium,Detective Comics,648,Detective Comics #648,Detective Comics #648,,,,absent_from_sheet,series_run_missing_issues.csv,,
run_detective_comics_691,series_run_missing,Medium,Detective Comics,691,Detective Comics #691,Detective Comics #691,,,,absent_from_sheet,series_run_missing_issues.csv,,
run_detective_comics_692,series_run_missing,Medium,Detective Comics,692,Detective Comics #692,Detective Comics #692,,,,absent_from_sheet,series_run_missing_issues.csv,,
run_detective_comics_695,series_run_missing,Medium,Detective Comics,695,Detective Comics #695,Detective Comics #695,Batman: Contagion,The Gray Area,core,absent_from_sheet,series_run_missing_issues.csv,https://en.wikipedia.org/wiki/Publication_history_of_DC_Comics_crossover_events,
run_detective_comics_697,series_run_missing,Medium,Detective Comics,697,Detective Comics #697,Detective Comics #697,,,,absent_from_sheet,series_run_missing_issues.csv,,
run_detective_comics_698,series_run_missing,Medium,Detective Comics,698,Detective Comics #698,Detective Comics #698,,,,absent_from_sheet,series_run_missing_issues.csv,,
run_detective_comics_699,series_run_missing,Medium,Detective Comics,699,Detective Comics #699,Detective Comics #699,,,,absent_from_sheet,series_run_missing_issues.csv,,
run_detective_comics_700,series_run_missing,Medium,Detective Comics,700,Detective Comics #700,Detective Comics #700,Batman: Legacy,,Part 1,not_owned,series_run_missing_issues.csv,https://en.wikipedia.org/wiki/Batman%3A_Legacy,
run_detective_comics_701,series_run_missing,Medium,Detective Comics,701,Detective Comics #701,Detective Comics #701,Batman: Legacy,,Part 6,not_owned,series_run_missing_issues.csv,https://en.wikipedia.org/wiki/Batman%3A_Legacy,
run_detective_comics_702,series_run_missing,Medium,Detective Comics,702,Detective Comics #702,Detective Comics #702,Batman: Legacy,,Epilogue,not_owned,series_run_missing_issues.csv,https://en.wikipedia.org/wiki/Batman%3A_Legacy,
run_detective_comics_703,series_run_missing,Medium,Detective Comics,703,Detective Comics #703,Detective Comics #703,,,,absent_from_sheet,series_run_missing_issues.csv,,
run_detective_comics_704,series_run_missing,Medium,Detective Comics,704,Detective Comics #704,Detective Comics #704,,,,absent_from_sheet,series_run_missing_issues.csv,,
run_detective_comics_705,series_run_missing,Medium,Detective Comics,705,Detective Comics #705,Detective Comics #705,,,,absent_from_sheet,series_run_missing_issues.csv,,
run_detective_comics_706,series_run_missing,Medium,Detective Comics,706,Detective Comics #706,Detective Comics #706,,,,absent_from_sheet,series_run_missing_issues.csv,,
run_detective_comics_707,series_run_missing,Medium,Detective Comics,707,Detective Comics #707,Detective Comics #707,,,,absent_from_sheet,series_run_missing_issues.csv,,
run_detective_comics_708,series_run_missing,Medium,Detective Comics,708,Detective Comics #708,Detective Comics #708,,,,absent_from_sheet,series_run_missing_issues.csv,,
run_detective_comics_709,series_run_missing,Medium,Detective Comics,709,Detective Comics #709,Detective Comics #709,,,,absent_from_sheet,series_run_missing_issues.csv,,
run_detective_comics_710,series_run_missing,Medium,Detective Comics,710,Detective Comics #710,Detective Comics #710,,,,absent_from_sheet,series_run_missing_issues.csv,,
run_detective_comics_711,series_run_missing,Medium,Detective Comics,711,Detective Comics #711,Detective Comics #711,,,,absent_from_sheet,series_run_missing_issues.csv,,
run_detective_comics_712,series_run_missing,Medium,Detective Comics,712,Detective Comics #712,Detective Comics #712,,,,absent_from_sheet,series_run_missing_issues.csv,,
run_detective_comics_713,series_run_missing,Medium,Detective Comics,713,Detective Comics #713,Detective Comics #713,,,,absent_from_sheet,series_run_missing_issues.csv,,
run_detective_comics_714,series_run_missing,Medium,Detective Comics,714,Detective Comics #714,Detective Comics #714,,,,absent_from_sheet,series_run_missing_issues.csv,,
run_detective_comics_715,series_run_missing,Medium,Detective Comics,715,Detective Comics #715,Detective Comics #715,,,,absent_from_sheet,series_run_missing_issues.csv,,
run_detective_comics_716,series_run_missing,Medium,Detective Comics,716,Detective Comics #716,Detective Comics #716,,,,absent_from_sheet,series_run_missing_issues.csv,,
run_detective_comics_717,series_run_missing,Medium,Detective Comics,717,Detective Comics #717,Detective Comics #717,,,,absent_from_sheet,series_run_missing_issues.csv,,
run_detective_comics_718,series_run_missing,Medium,Detective Comics,718,Detective Comics #718,Detective Comics #718,,,,absent_from_sheet,series_run_missing_issues.csv,,
run_detective_comics_723,series_run_missing,Medium,Detective Comics,723,Detective Comics #723,Detective Comics #723,,,,absent_from_sheet,series_run_missing_issues.csv,,
run_warhammer_monthly_42,series_run_missing,Medium,Warhammer Monthly,42,Warhammer Monthly #42,Warhammer Monthly #42,,,,absent_from_sheet,series_run_missing_issues.csv,,
run_warhammer_monthly_50,series_run_missing,Medium,Warhammer Monthly,50,Warhammer Monthly #50,Warhammer Monthly #50,,,,absent_from_sheet,series_run_missing_issues.csv,,
run_warhammer_monthly_51,series_run_missing,Medium,Warhammer Monthly,51,Warhammer Monthly #51,Warhammer Monthly #51,,,,absent_from_sheet,series_run_missing_issues.csv,,
run_warhammer_monthly_53,series_run_missing,Medium,Warhammer Monthly,53,Warhammer Monthly #53,Warhammer Monthly #53,,,,absent_from_sheet,series_run_missing_issues.csv,,
run_warhammer_monthly_54,series_run_missing,Medium,Warhammer Monthly,54,Warhammer Monthly #54,Warhammer Monthly #54,,,,absent_from_sheet,series_run_missing_issues.csv,,
run_warhammer_monthly_55,series_run_missing,Medium,Warhammer Monthly,55,Warhammer Monthly #55,Warhammer Monthly #55,,,,absent_from_sheet,series_run_missing_issues.csv,,
run_warhammer_monthly_56,series_run_missing,Medium,Warhammer Monthly,56,Warhammer Monthly #56,Warhammer Monthly #56,,,,absent_from_sheet,series_run_missing_issues.csv,,
run_warhammer_monthly_57,series_run_missing,Medium,Warhammer Monthly,57,Warhammer Monthly #57,Warhammer Monthly #57,,,,absent_from_sheet,series_run_missing_issues.csv,,
run_warhammer_monthly_58,series_run_missing,Medium,Warhammer Monthly,58,Warhammer Monthly #58,Warhammer Monthly #58,,,,absent_from_sheet,series_run_missing_issues.csv,,
run_warhammer_monthly_59,series_run_missing,Medium,Warhammer Monthly,59,Warhammer Monthly #59,Warhammer Monthly #59,,,,absent_from_sheet,series_run_missing_issues.csv,,
run_warhammer_monthly_60,series_run_missing,Medium,Warhammer Monthly,60,Warhammer Monthly #60,Warhammer Monthly #60,,,,absent_from_sheet,series_run_missing_issues.csv,,
run_warhammer_monthly_61,series_run_missing,Medium,Warhammer Monthly,61,Warhammer Monthly #61,Warhammer Monthly #61,,,,absent_from_sheet,series_run_missing_issues.csv,,
run_warhammer_monthly_62,series_run_missing,Medium,Warhammer Monthly,62,Warhammer Monthly #62,Warhammer Monthly #62,,,,absent_from_sheet,series_run_missing_issues.csv,,
run_warhammer_monthly_63,series_run_missing,Medium,Warhammer Monthly,63,Warhammer Monthly #63,Warhammer Monthly #63,,,,absent_from_sheet,series_run_missing_issues.csv,,
run_warhammer_monthly_64,series_run_missing,Medium,Warhammer Monthly,64,Warhammer Monthly #64,Warhammer Monthly #64,,,,absent_from_sheet,series_run_missing_issues.csv,,
run_warhammer_monthly_65,series_run_missing,Medium,Warhammer Monthly,65,Warhammer Monthly #65,Warhammer Monthly #65,,,,absent_from_sheet,series_run_missing_issues.csv,,
run_warhammer_monthly_66,series_run_missing,Medium,Warhammer Monthly,66,Warhammer Monthly #66,Warhammer Monthly #66,,,,absent_from_sheet,series_run_missing_issues.csv,,
run_warhammer_monthly_67,series_run_missing,Medium,Warhammer Monthly,67,Warhammer Monthly #67,Warhammer Monthly #67,,,,absent_from_sheet,series_run_missing_issues.csv,,
run_warhammer_monthly_68,series_run_missing,Medium,Warhammer Monthly,68,Warhammer Monthly #68,Warhammer Monthly #68,,,,absent_from_sheet,series_run_missing_issues.csv,,
run_warhammer_monthly_69,series_run_missing,Medium,Warhammer Monthly,69,Warhammer Monthly #69,Warhammer Monthly #69,,,,absent_from_sheet,series_run_missing_issues.csv,,
run_warhammer_monthly_70,series_run_missing,Medium,Warhammer Monthly,70,Warhammer Monthly #70,Warhammer Monthly #70,,,,absent_from_sheet,series_run_missing_issues.csv,,
run_warhammer_monthly_71,series_run_missing,Medium,Warhammer Monthly,71,Warhammer Monthly #71,Warhammer Monthly #71,,,,absent_from_sheet,series_run_missing_issues.csv,,
run_warhammer_monthly_72,series_run_missing,Medium,Warhammer Monthly,72,Warhammer Monthly #72,Warhammer Monthly #72,,,,absent_from_sheet,series_run_missing_issues.csv,,
run_warhammer_monthly_73,series_run_missing,Medium,Warhammer Monthly,73,Warhammer Monthly #73,Warhammer Monthly #73,,,,absent_from_sheet,series_run_missing_issues.csv,,
run_warhammer_monthly_74,series_run_missing,Medium,Warhammer Monthly,74,Warhammer Monthly #74,Warhammer Monthly #74,,,,absent_from_sheet,series_run_missing_issues.csv,,
run_warhammer_monthly_75,series_run_missing,Medium,Warhammer Monthly,75,Warhammer Monthly #75,Warhammer Monthly #75,,,,absent_from_sheet,series_run_missing_issues.csv,,
run_warhammer_monthly_76,series_run_missing,Medium,Warhammer Monthly,76,Warhammer Monthly #76,Warhammer Monthly #76,,,,absent_from_sheet,series_run_missing_issues.csv,,
run_warhammer_monthly_77,series_run_missing,Medium,Warhammer Monthly,77,Warhammer Monthly #77,Warhammer Monthly #77,,,,absent_from_sheet,series_run_missing_issues.csv,,
run_warhammer_monthly_78,series_run_missing,Medium,Warhammer Monthly,78,Warhammer Monthly #78,Warhammer Monthly #78,,,,absent_from_sheet,series_run_missing_issues.csv,,
run_warhammer_monthly_79,series_run_missing,Medium,Warhammer Monthly,79,Warhammer Monthly #79,Warhammer Monthly #79,,,,absent_from_sheet,series_run_missing_issues.csv,,
run_warhammer_monthly_80,series_run_missing,Medium,Warhammer Monthly,80,Warhammer Monthly #80,Warhammer Monthly #80,,,,absent_from_sheet,series_run_missing_issues.csv,,
run_warhammer_monthly_81,series_run_missing,Medium,Warhammer Monthly,81,Warhammer Monthly #81,Warhammer Monthly #81,,,,absent_from_sheet,series_run_missing_issues.csv,,
run_warhammer_monthly_82,series_run_missing,Medium,Warhammer Monthly,82,Warhammer Monthly #82,Warhammer Monthly #82,,,,absent_from_sheet,series_run_missing_issues.csv,,
run_warhammer_monthly_83,series_run_missing,Medium,Warhammer Monthly,83,Warhammer Monthly #83,Warhammer Monthly #83,,,,absent_from_sheet,series_run_missing_issues.csv,,
run_warhammer_monthly_84,series_run_missing,Medium,Warhammer Monthly,84,Warhammer Monthly #84,Warhammer Monthly #84,,,,absent_from_sheet,series_run_missing_issues.csv,,
run_warhammer_monthly_85,series_run_missing,Medium,Warhammer Monthly,85,Warhammer Monthly #85,Warhammer Monthly #85,,,,absent_from_sheet,series_run_missing_issues.csv,,
run_warhammer_monthly_86,series_run_missing,Medium,Warhammer Monthly,86,Warhammer Monthly #86,Warhammer Monthly #86,,,,absent_from_sheet,series_run_missing_issues.csv,,
arc_batman_bane_1,story_arc_missing,optional,Batman: Bane,1,Batman: Bane #1,Batman: Bane #1,Batman: Legacy,,epilogue,missing,story_arc_missing.csv,https://en.wikipedia.org/wiki/Batman%3A_Legacy,Epilogue one-shot.
arc_robin_vol_2_29,story_arc_missing,optional,Robin (Vol. 2),29,Robin (Vol. 2) #29,Robin (Vol. 2) #29,Batman: Contagion,,expanded,missing,story_arc_missing.csv,https://en.wikipedia.org/wiki/List_of_Batman_comics,Included in some collected-edition listings; review placement.
arc_robin_vol_2_30,story_arc_missing,optional,Robin (Vol. 2),30,Robin (Vol. 2) #30,Robin (Vol. 2) #30,Batman: Contagion,,expanded,missing,story_arc_missing.csv,https://en.wikipedia.org/wiki/List_of_Batman_comics,Included in some collected-edition listings; review placement.
arc_azrael_15,story_arc_missing,required,Azrael,15,Azrael #15,Azrael #15,Batman: Contagion,,core,missing,story_arc_missing.csv,https://en.wikipedia.org/wiki/Publication_history_of_DC_Comics_crossover_events,Core crossover checklist.
arc_batman_dark_victory_0,story_arc_missing,required,Batman: Dark Victory,0,Batman: Dark Victory #0,Batman: Dark Victory #0,Long Halloween Family,,sequel,missing,story_arc_missing.csv,https://en.wikipedia.org/wiki/Batman%3A_Dark_Victory,Sequel series.
arc_batman_dark_victory_1,story_arc_missing,required,Batman: Dark Victory,1,Batman: Dark Victory #1,Batman: Dark Victory #1,Long Halloween Family,,sequel,missing,story_arc_missing.csv,https://en.wikipedia.org/wiki/Batman%3A_Dark_Victory,Sequel series.
arc_batman_dark_victory_10,story_arc_missing,required,Batman: Dark Victory,10,Batman: Dark Victory #10,Batman: Dark Victory #10,Long Halloween Family,,sequel,missing,story_arc_missing.csv,https://en.wikipedia.org/wiki/Batman%3A_Dark_Victory,Sequel series.
arc_batman_dark_victory_11,story_arc_missing,required,Batman: Dark Victory,11,Batman: Dark Victory #11,Batman: Dark Victory #11,Long Halloween Family,,sequel,missing,story_arc_missing.csv,https://en.wikipedia.org/wiki/Batman%3A_Dark_Victory,Sequel series.
arc_batman_dark_victory_12,story_arc_missing,required,Batman: Dark Victory,12,Batman: Dark Victory #12,Batman: Dark Victory #12,Long Halloween Family,,sequel,missing,story_arc_missing.csv,https://en.wikipedia.org/wiki/Batman%3A_Dark_Victory,Sequel series.
arc_batman_dark_victory_13,story_arc_missing,required,Batman: Dark Victory,13,Batman: Dark Victory #13,Batman: Dark Victory #13,Long Halloween Family,,sequel,missing,story_arc_missing.csv,https://en.wikipedia.org/wiki/Batman%3A_Dark_Victory,Sequel series.
arc_batman_dark_victory_2,story_arc_missing,required,Batman: Dark Victory,2,Batman: Dark Victory #2,Batman: Dark Victory #2,Long Halloween Family,,sequel,missing,story_arc_missing.csv,https://en.wikipedia.org/wiki/Batman%3A_Dark_Victory,Sequel series.
arc_batman_dark_victory_3,story_arc_missing,required,Batman: Dark Victory,3,Batman: Dark Victory #3,Batman: Dark Victory #3,Long Halloween Family,,sequel,missing,story_arc_missing.csv,https://en.wikipedia.org/wiki/Batman%3A_Dark_Victory,Sequel series.
arc_batman_dark_victory_4,story_arc_missing,required,Batman: Dark Victory,4,Batman: Dark Victory #4,Batman: Dark Victory #4,Long Halloween Family,,sequel,missing,story_arc_missing.csv,https://en.wikipedia.org/wiki/Batman%3A_Dark_Victory,Sequel series.
arc_batman_dark_victory_5,story_arc_missing,required,Batman: Dark Victory,5,Batman: Dark Victory #5,Batman: Dark Victory #5,Long Halloween Family,,sequel,missing,story_arc_missing.csv,https://en.wikipedia.org/wiki/Batman%3A_Dark_Victory,Sequel series.
arc_batman_dark_victory_6,story_arc_missing,required,Batman: Dark Victory,6,Batman: Dark Victory #6,Batman: Dark Victory #6,Long Halloween Family,,sequel,missing,story_arc_missing.csv,https://en.wikipedia.org/wiki/Batman%3A_Dark_Victory,Sequel series.
arc_batman_dark_victory_7,story_arc_missing,required,Batman: Dark Victory,7,Batman: Dark Victory #7,Batman: Dark Victory #7,Long Halloween Family,,sequel,missing,story_arc_missing.csv,https://en.wikipedia.org/wiki/Batman%3A_Dark_Victory,Sequel series.
arc_batman_dark_victory_8,story_arc_missing,required,Batman: Dark Victory,8,Batman: Dark Victory #8,Batman: Dark Victory #8,Long Halloween Family,,sequel,missing,story_arc_missing.csv,https://en.wikipedia.org/wiki/Batman%3A_Dark_Victory,Sequel series.
arc_batman_dark_victory_9,story_arc_missing,required,Batman: Dark Victory,9,Batman: Dark Victory #9,Batman: Dark Victory #9,Long Halloween Family,,sequel,missing,story_arc_missing.csv,https://en.wikipedia.org/wiki/Batman%3A_Dark_Victory,Sequel series.
arc_batman_ghosts_a_legends_of_the_dark_knight_halloween_special_1,story_arc_missing,required,Batman: Ghosts - A Legends of the Dark Knight Halloween Special,1,Batman: Ghosts - A Legends of the Dark Knight Halloween Special #1,Batman: Ghosts - A Legends of the Dark Knight Halloween Special #1,Long Halloween Family,,prequel,missing,story_arc_missing.csv,https://en.wikipedia.org/wiki/Batman%3A_Haunted_Knight,Haunted Knight prequel one-shot.
arc_batman_legends_of_the_dark_knight_halloween_special_1,story_arc_missing,required,Batman: Legends of the Dark Knight Halloween Special,1,Batman: Legends of the Dark Knight Halloween Special #1,Batman: Legends of the Dark Knight Halloween Special #1,Long Halloween Family,,prequel,missing,story_arc_missing.csv,https://en.wikipedia.org/wiki/Batman%3A_Haunted_Knight,Haunted Knight prequel one-shot collected as Fears.
arc_batman_madness_a_legends_of_the_dark_knight_halloween_special_1,story_arc_missing,required,Batman: Madness - A Legends of the Dark Knight Halloween Special,1,Batman: Madness - A Legends of the Dark Knight Halloween Special #1,Batman: Madness - A Legends of the Dark Knight Halloween Special #1,Long Halloween Family,,prequel,missing,story_arc_missing.csv,https://en.wikipedia.org/wiki/Batman%3A_Haunted_Knight,Haunted Knight prequel one-shot.
arc_batman_shadow_of_the_bat_48,story_arc_missing,required,Batman: Shadow of the Bat,48,Batman: Shadow of the Bat #48,Batman: Shadow of the Bat #48,Batman: Contagion,,core,missing,story_arc_missing.csv,https://en.wikipedia.org/wiki/Publication_history_of_DC_Comics_crossover_events,Core crossover checklist.
arc_batman_shadow_of_the_bat_49,story_arc_missing,required,Batman: Shadow of the Bat,49,Batman: Shadow of the Bat #49,Batman: Shadow of the Bat #49,Batman: Contagion,,core,missing,story_arc_missing.csv,https://en.wikipedia.org/wiki/Publication_history_of_DC_Comics_crossover_events,Core crossover checklist.
arc_batman_shadow_of_the_bat_53,story_arc_missing,required,Batman: Shadow of the Bat,53,Batman: Shadow of the Bat #53,Batman: Shadow of the Bat #53,Batman: Legacy,,prelude,in_collection_not_owned,story_arc_missing.csv,https://en.wikipedia.org/wiki/Batman%3A_Legacy,Prelude.
arc_batman_shadow_of_the_bat_54,story_arc_missing,required,Batman: Shadow of the Bat,54,Batman: Shadow of the Bat #54,Batman: Shadow of the Bat #54,Batman: Legacy,,core,in_collection_not_owned,story_arc_missing.csv,https://en.wikipedia.org/wiki/Batman%3A_Legacy,Part 4.
arc_batman_the_long_halloween_1,story_arc_missing,required,Batman: The Long Halloween,1,Batman: The Long Halloween #1,Batman: The Long Halloween #1,Long Halloween Family,,core,missing,story_arc_missing.csv,https://en.wikipedia.org/wiki/Batman%3A_The_Long_Halloween,Main 13-issue series.
arc_batman_the_long_halloween_10,story_arc_missing,required,Batman: The Long Halloween,10,Batman: The Long Halloween #10,Batman: The Long Halloween #10,Long Halloween Family,,core,missing,story_arc_missing.csv,https://en.wikipedia.org/wiki/Batman%3A_The_Long_Halloween,Main 13-issue series.
arc_batman_the_long_halloween_11,story_arc_missing,required,Batman: The Long Halloween,11,Batman: The Long Halloween #11,Batman: The Long Halloween #11,Long Halloween Family,,core,missing,story_arc_missing.csv,https://en.wikipedia.org/wiki/Batman%3A_The_Long_Halloween,Main 13-issue series.
arc_batman_the_long_halloween_12,story_arc_missing,required,Batman: The Long Halloween,12,Batman: The Long Halloween #12,Batman: The Long Halloween #12,Long Halloween Family,,core,missing,story_arc_missing.csv,https://en.wikipedia.org/wiki/Batman%3A_The_Long_Halloween,Main 13-issue series.
arc_batman_the_long_halloween_13,story_arc_missing,required,Batman: The Long Halloween,13,Batman: The Long Halloween #13,Batman: The Long Halloween #13,Long Halloween Family,,core,missing,story_arc_missing.csv,https://en.wikipedia.org/wiki/Batman%3A_The_Long_Halloween,Main 13-issue series.
arc_batman_the_long_halloween_2,story_arc_missing,required,Batman: The Long Halloween,2,Batman: The Long Halloween #2,Batman: The Long Halloween #2,Long Halloween Family,,core,missing,story_arc_missing.csv,https://en.wikipedia.org/wiki/Batman%3A_The_Long_Halloween,Main 13-issue series.
arc_batman_the_long_halloween_3,story_arc_missing,required,Batman: The Long Halloween,3,Batman: The Long Halloween #3,Batman: The Long Halloween #3,Long Halloween Family,,core,missing,story_arc_missing.csv,https://en.wikipedia.org/wiki/Batman%3A_The_Long_Halloween,Main 13-issue series.
arc_batman_the_long_halloween_4,story_arc_missing,required,Batman: The Long Halloween,4,Batman: The Long Halloween #4,Batman: The Long Halloween #4,Long Halloween Family,,core,missing,story_arc_missing.csv,https://en.wikipedia.org/wiki/Batman%3A_The_Long_Halloween,Main 13-issue series.
arc_batman_the_long_halloween_5,story_arc_missing,required,Batman: The Long Halloween,5,Batman: The Long Halloween #5,Batman: The Long Halloween #5,Long Halloween Family,,core,missing,story_arc_missing.csv,https://en.wikipedia.org/wiki/Batman%3A_The_Long_Halloween,Main 13-issue series.
arc_batman_the_long_halloween_6,story_arc_missing,required,Batman: The Long Halloween,6,Batman: The Long Halloween #6,Batman: The Long Halloween #6,Long Halloween Family,,core,missing,story_arc_missing.csv,https://en.wikipedia.org/wiki/Batman%3A_The_Long_Halloween,Main 13-issue series.
arc_batman_the_long_halloween_7,story_arc_missing,required,Batman: The Long Halloween,7,Batman: The Long Halloween #7,Batman: The Long Halloween #7,Long Halloween Family,,core,missing,story_arc_missing.csv,https://en.wikipedia.org/wiki/Batman%3A_The_Long_Halloween,Main 13-issue series.
arc_batman_the_long_halloween_8,story_arc_missing,required,Batman: The Long Halloween,8,Batman: The Long Halloween #8,Batman: The Long Halloween #8,Long Halloween Family,,core,missing,story_arc_missing.csv,https://en.wikipedia.org/wiki/Batman%3A_The_Long_Halloween,Main 13-issue series.
arc_batman_the_long_halloween_9,story_arc_missing,required,Batman: The Long Halloween,9,Batman: The Long Halloween #9,Batman: The Long Halloween #9,Long Halloween Family,,core,missing,story_arc_missing.csv,https://en.wikipedia.org/wiki/Batman%3A_The_Long_Halloween,Main 13-issue series.
arc_batman_the_long_halloween_special_1,story_arc_missing,required,Batman: The Long Halloween Special,1,Batman: The Long Halloween Special #1,Batman: The Long Halloween Special #1,Long Halloween Family,,sequel,missing,story_arc_missing.csv,https://en.wikipedia.org/wiki/Jeph_Loeb,2021 special / Nightmares.
arc_robin_vol_2_27,story_arc_missing,required,Robin (Vol. 2),27,Robin (Vol. 2) #27,Robin (Vol. 2) #27,Batman: Contagion,,core,missing,story_arc_missing.csv,https://en.wikipedia.org/wiki/Publication_history_of_DC_Comics_crossover_events,Core crossover checklist.
arc_robin_vol_2_32,story_arc_missing,required,Robin (Vol. 2),32,Robin (Vol. 2) #32,Robin (Vol. 2) #32,Batman: Legacy,,core,in_collection_not_owned,story_arc_missing.csv,https://en.wikipedia.org/wiki/Batman%3A_Legacy,Part 3.
arc_robin_vol_2_33,story_arc_missing,required,Robin (Vol. 2),33,Robin (Vol. 2) #33,Robin (Vol. 2) #33,Batman: Legacy,,core,in_collection_not_owned,story_arc_missing.csv,https://en.wikipedia.org/wiki/Batman%3A_Legacy,Part 7.
arc_the_batman_chronicles_4,story_arc_missing,required,The Batman Chronicles,4,The Batman Chronicles #4,The Batman Chronicles #4,Batman: Contagion,,core,missing,story_arc_missing.csv,https://en.wikipedia.org/wiki/Publication_history_of_DC_Comics_crossover_events,Core crossover checklist.
