item_id,scope_id,scope_name,sequence,phase,series,issue_number,publication_id,role,required_or_optional,reading_order_verified,source_url,confidence,notes
prodigal,verified_core,Verified core reading order,001,Prodigal,Batman,512,PUB-BAT-0512,core,required,Yes,https://en.wikipedia.org/wiki/Publication_history_of_DC_Comics_crossover_events,verified,Prodigal Part 1.
prodigal,verified_core,Verified core reading order,002,Prodigal,Batman: Shadow of the Bat,32,PUB-SOTB-0032,core,required,Yes,https://en.wikipedia.org/wiki/Publication_history_of_DC_Comics_crossover_events,verified,Prodigal Part 2.
prodigal,verified_core,Verified core reading order,003,Prodigal,Detective Comics,679,PUB-DET-0679,core,required,Yes,https://en.wikipedia.org/wiki/Publication_history_of_DC_Comics_crossover_events,verified,Prodigal Part 3.
prodigal,verified_core,Verified core reading order,004,Prodigal,Robin (Vol. 2),11,PUB-ROBIN-V2-0011,core,required,Yes,https://en.wikipedia.org/wiki/Publication_history_of_DC_Comics_crossover_events,verified,Prodigal Part 4.
prodigal,verified_core,Verified core reading order,005,Prodigal,Batman,513,PUB-BAT-0513,core,required,Yes,https://en.wikipedia.org/wiki/Publication_history_of_DC_Comics_crossover_events,verified,Prodigal Part 5.
prodigal,verified_core,Verified core reading order,006,Prodigal,Batman: Shadow of the Bat,33,PUB-SOTB-0033,core,required,Yes,https://en.wikipedia.org/wiki/Publication_history_of_DC_Comics_crossover_events,verified,Prodigal Part 6.
prodigal,verified_core,Verified core reading order,007,Prodigal,Detective Comics,680,PUB-DET-0680,core,required,Yes,https://en.wikipedia.org/wiki/Publication_history_of_DC_Comics_crossover_events,verified,Prodigal Part 7.
prodigal,verified_core,Verified core reading order,008,Prodigal,Robin (Vol. 2),12,PUB-ROBIN-V2-0012,core,required,Yes,https://en.wikipedia.org/wiki/Publication_history_of_DC_Comics_crossover_events,verified,Prodigal Part 8.
prodigal,verified_core,Verified core reading order,009,Prodigal,Batman,514,PUB-BAT-0514,core,required,Yes,https://en.wikipedia.org/wiki/Publication_history_of_DC_Comics_crossover_events,verified,Prodigal Part 9.
prodigal,verified_core,Verified core reading order,010,Prodigal,Batman: Shadow of the Bat,34,PUB-SOTB-0034,core,required,Yes,https://en.wikipedia.org/wiki/Publication_history_of_DC_Comics_crossover_events,verified,Prodigal Part 10.
prodigal,verified_core,Verified core reading order,011,Prodigal,Detective Comics,681,PUB-DET-0681,core,required,Yes,https://en.wikipedia.org/wiki/Publication_history_of_DC_Comics_crossover_events,verified,Prodigal Part 11.
prodigal,verified_core,Verified core reading order,012,Prodigal,Robin (Vol. 2),13,PUB-ROBIN-V2-0013,core,required,Yes,https://en.wikipedia.org/wiki/Publication_history_of_DC_Comics_crossover_events,verified,Prodigal Part 12.
prodigal,collected_edition_context,Collected edition context,000,Prodigal,Robin (Vol. 2),0,PUB-ROBIN-V2-0000,context,optional,No,https://en.wikipedia.org/wiki/List_of_Batman_comics,verified,Included in later Batman: Prodigal collected edition; not treated as numbered Prodigal part.
troika,banner_core,Troika banner core,001,Troika,Detective Comics,682,PUB-DET-0682,core,required,No,https://en.wikipedia.org/wiki/List_of_Batman_comics,verified,Core Troika issue; sources differ on exact reading sequence.
troika,banner_core,Troika banner core,002,Troika,Batman,515,PUB-BAT-0515,core,required,No,https://en.wikipedia.org/wiki/List_of_Batman_comics,verified,Core Troika issue; sources differ on exact reading sequence.
troika,banner_core,Troika banner core,003,Troika,Batman: Shadow of the Bat,35,PUB-SOTB-0035,core,required,No,https://en.wikipedia.org/wiki/List_of_Batman_comics,verified,Core Troika issue; sources differ on exact reading sequence.
troika,banner_core,Troika banner core,004,Troika,Robin (Vol. 2),14,PUB-ROBIN-V2-0014,core,required,No,https://en.wikipedia.org/wiki/List_of_Batman_comics,verified,Core Troika issue; sources differ on exact reading sequence.
troika,collected_edition_scope,Troika collected edition scope,005,Troika,Nightwing: Alfred's Return,,PUB-NIGHTWING-ALFREDS-RETURN,collected_context,optional,No,https://en.wikipedia.org/wiki/List_of_Batman_comics,verified,Included in Batman: Troika collected edition and related publication lists.
troika,collected_edition_scope,Troika collected edition scope,006,Troika,Vengeance of Bane,2,PUB-VENGEANCE-OF-BANE-0002,collected_context,optional,No,https://en.wikipedia.org/wiki/List_of_Batman_comics,verified,Included in Batman: Troika collected edition.
cataclysm,core_18_chapter,Verified 18-chapter Cataclysm,001,Cataclysm,Detective Comics,719,PUB-DET-0719,core,required,Yes,https://en.wikipedia.org/wiki/Batman%3A_Cataclysm,verified,Cataclysm chapter 1.
cataclysm,core_18_chapter,Verified 18-chapter Cataclysm,002,Cataclysm,Batman: Shadow of the Bat,73,PUB-SOTB-0073,core,required,Yes,https://en.wikipedia.org/wiki/Batman%3A_Cataclysm,verified,Cataclysm chapter 2.
cataclysm,core_18_chapter,Verified 18-chapter Cataclysm,003,Cataclysm,Batman,553,PUB-BAT-0553,core,required,Yes,https://en.wikipedia.org/wiki/Batman%3A_Cataclysm,verified,Cataclysm chapter 3.
cataclysm,core_18_chapter,Verified 18-chapter Cataclysm,004,Cataclysm,Nightwing,19,PUB-NIGHTWING-0019,core,required,Yes,https://en.wikipedia.org/wiki/Batman%3A_Cataclysm,verified,Cataclysm chapter 4.
cataclysm,core_18_chapter,Verified 18-chapter Cataclysm,005,Cataclysm,Azrael,40,PUB-AZRAEL-0040,core,required,Yes,https://en.wikipedia.org/wiki/Batman%3A_Cataclysm,verified,Cataclysm chapter 5.
cataclysm,core_18_chapter,Verified 18-chapter Cataclysm,006,Cataclysm,Detective Comics,720,PUB-DET-0720,core,required,Yes,https://en.wikipedia.org/wiki/Batman%3A_Cataclysm,verified,Cataclysm chapter 6.
cataclysm,core_18_chapter,Verified 18-chapter Cataclysm,007,Cataclysm,Catwoman (Vol. 2),56,PUB-CATWOMAN-V2-0056,core,required,Yes,https://en.wikipedia.org/wiki/Batman%3A_Cataclysm,verified,Cataclysm chapter 7.
cataclysm,core_18_chapter,Verified 18-chapter Cataclysm,008,Cataclysm,Catwoman (Vol. 2),57,PUB-CATWOMAN-V2-0057,core,required,Yes,https://en.wikipedia.org/wiki/Batman%3A_Cataclysm,verified,Cataclysm chapter 8.
cataclysm,core_18_chapter,Verified 18-chapter Cataclysm,009,Cataclysm,Robin (Vol. 2),52,PUB-ROBIN-V2-0052,core,required,Yes,https://en.wikipedia.org/wiki/Batman%3A_Cataclysm,verified,Cataclysm chapter 9.
cataclysm,core_18_chapter,Verified 18-chapter Cataclysm,010,Cataclysm,Batman: Blackgate - Isle of Men,1,PUB-BATMAN-BLACKGATE-ISLE-OF-MEN-0001,core,required,Yes,https://en.wikipedia.org/wiki/Batman%3A_Cataclysm,verified,Cataclysm chapter 10.
cataclysm,core_18_chapter,Verified 18-chapter Cataclysm,011,Cataclysm,Batman: Shadow of the Bat,74,PUB-SOTB-0074,core,required,Yes,https://en.wikipedia.org/wiki/Batman%3A_Cataclysm,verified,Cataclysm chapter 11.
cataclysm,core_18_chapter,Verified 18-chapter Cataclysm,012,Cataclysm,Batman: Arkham Asylum - Tales of Madness,1,PUB-BATMAN-ARKHAM-ASYLUM-TALES-OF-MADNESS-0001,core,required,Yes,https://en.wikipedia.org/wiki/Batman%3A_Cataclysm,verified,Cataclysm chapter 12.
cataclysm,core_18_chapter,Verified 18-chapter Cataclysm,013,Cataclysm,The Batman Chronicles,12,PUB-BATMAN-CHRONICLES-0012,core,required,Yes,https://en.wikipedia.org/wiki/Batman%3A_Cataclysm,verified,Cataclysm chapter 13.
cataclysm,core_18_chapter,Verified 18-chapter Cataclysm,014,Cataclysm,Nightwing,20,PUB-NIGHTWING-0020,core,required,Yes,https://en.wikipedia.org/wiki/Batman%3A_Cataclysm,verified,Cataclysm chapter 14.
cataclysm,core_18_chapter,Verified 18-chapter Cataclysm,015,Cataclysm,Batman,554,PUB-BAT-0554,core,required,Yes,https://en.wikipedia.org/wiki/Batman%3A_Cataclysm,verified,Cataclysm chapter 15.
cataclysm,core_18_chapter,Verified 18-chapter Cataclysm,016,Cataclysm,Batman/Huntress/Spoiler: Blunt Trauma,1,PUB-BATMAN-HUNTRESS-SPOILER-BLUNT-TRAUMA-0001,core,required,Yes,https://en.wikipedia.org/wiki/Batman%3A_Cataclysm,verified,Cataclysm chapter 16.
cataclysm,core_18_chapter,Verified 18-chapter Cataclysm,017,Cataclysm,Detective Comics,721,PUB-DET-0721,core,required,Yes,https://en.wikipedia.org/wiki/Batman%3A_Cataclysm,verified,Cataclysm chapter 17.
cataclysm,core_18_chapter,Verified 18-chapter Cataclysm,018,Cataclysm,Robin (Vol. 2),53,PUB-ROBIN-V2-0053,core,required,Yes,https://en.wikipedia.org/wiki/Batman%3A_Cataclysm,verified,Cataclysm chapter 18.
road_to_no_mans_land,complete_collected_scope,Road to No Man's Land complete collected scope,015,Road to No Man's Land,Batman: No Man's Land Secret Files and Origins,1,PUB-BATMAN-NML-SFO-0001,prelude,required,No,https://en.wikipedia.org/wiki/Batman%3A_No_Man%27s_Land,verified,Membership verified from Road to No Man's Land Vol. 2 contents; exact inter-title reading order not asserted.
no_mans_land,complete_crossover_scope,No Man's Land complete crossover scope,001,No Man's Land,Batman: No Man's Land,1,PUB-BATMAN-NML-0001,core,required,No,https://en.wikipedia.org/wiki/Batman%3A_No_Man%27s_Land,verified,Membership verified from No Man's Land issue list/complete editions; exact inter-title reading order not asserted.
no_mans_land,complete_crossover_scope,No Man's Land complete crossover scope,062,No Man's Land,Young Justice in No Man's Land,1,PUB-YOUNG-JUSTICE-NML-0001,core,required,No,https://en.wikipedia.org/wiki/Batman%3A_No_Man%27s_Land,verified,Membership verified from No Man's Land issue list/complete editions; exact inter-title reading order not asserted.
no_mans_land,complete_crossover_scope,No Man's Land complete crossover scope,064,No Man's Land,JLA,32,PUB-JLA-0032,core,required,No,https://en.wikipedia.org/wiki/Batman%3A_No_Man%27s_Land,verified,Membership verified from No Man's Land issue list/complete editions; exact inter-title reading order not asserted.
no_mans_land,complete_crossover_scope,No Man's Land complete crossover scope,068,No Man's Land,Batman: Harley Quinn,1,PUB-BATMAN-HARLEY-QUINN-0001,core,required,No,https://en.wikipedia.org/wiki/Batman%3A_No_Man%27s_Land,verified,Membership verified from No Man's Land issue list/complete editions; exact inter-title reading order not asserted.
no_mans_land,complete_crossover_scope,No Man's Land complete crossover scope,078,No Man's Land,Batman: No Man's Land Secret Files and Origins,1,PUB-BATMAN-NML-SFO-0001,core,required,No,https://en.wikipedia.org/wiki/Batman%3A_No_Man%27s_Land,verified,Membership verified from No Man's Land issue list/complete editions; exact inter-title reading order not asserted.
no_mans_land,complete_crossover_scope,No Man's Land complete crossover scope,085,No Man's Land,Batman: No Man's Land,0,PUB-BATMAN-NML-0000,core,required,No,https://en.wikipedia.org/wiki/Batman%3A_No_Man%27s_Land,verified,Membership verified from No Man's Land issue list/complete editions; exact inter-title reading order not asserted.
no_mans_land,complete_crossover_scope,No Man's Land complete crossover scope,086,No Man's Land,Batman: Day of Judgment,1,PUB-BATMAN-DAY-OF-JUDGMENT-0001,core,required,No,https://en.wikipedia.org/wiki/Batman%3A_No_Man%27s_Land,verified,Also part of Day of Judgment; included in No Man's Land issue list.
year_one,verified_membership,Verified membership,001,Year One,Batman,404,PUB-BAT-0404,core,required,No,https://en.wikipedia.org/wiki/List_of_Batman_comics,verified,Verified membership; exact reading order not asserted beyond issue sequence.
year_one,verified_membership,Verified membership,002,Year One,Batman,405,PUB-BAT-0405,core,required,No,https://en.wikipedia.org/wiki/List_of_Batman_comics,verified,Verified membership; exact reading order not asserted beyond issue sequence.
year_one,verified_membership,Verified membership,003,Year One,Batman,406,PUB-BAT-0406,core,required,No,https://en.wikipedia.org/wiki/List_of_Batman_comics,verified,Verified membership; exact reading order not asserted beyond issue sequence.
year_one,verified_membership,Verified membership,004,Year One,Batman,407,PUB-BAT-0407,core,required,No,https://en.wikipedia.org/wiki/List_of_Batman_comics,verified,Verified membership; exact reading order not asserted beyond issue sequence.
year_two,verified_membership,Verified membership,001,Year Two,Detective Comics,575,PUB-DET-0575,core,required,No,https://en.wikipedia.org/wiki/List_of_Batman_comics,verified,Verified membership; exact reading order not asserted beyond issue sequence.
year_two,verified_membership,Verified membership,002,Year Two,Detective Comics,576,PUB-DET-0576,core,required,No,https://en.wikipedia.org/wiki/List_of_Batman_comics,verified,Verified membership; exact reading order not asserted beyond issue sequence.
year_two,verified_membership,Verified membership,003,Year Two,Detective Comics,577,PUB-DET-0577,core,required,No,https://en.wikipedia.org/wiki/List_of_Batman_comics,verified,Verified membership; exact reading order not asserted beyond issue sequence.
year_two,verified_membership,Verified membership,004,Year Two,Detective Comics,578,PUB-DET-0578,core,required,No,https://en.wikipedia.org/wiki/List_of_Batman_comics,verified,Verified membership; exact reading order not asserted beyond issue sequence.
a_lonely_place_of_dying,verified_cross_title,Verified cross-title reading order,001,A Lonely Place of Dying,Batman,440,PUB-BAT-0440,core,required,Yes,https://en.wikipedia.org/wiki/List_of_Batman_comics,verified,Listed in order of occurrence by collected-edition source.
a_lonely_place_of_dying,verified_cross_title,Verified cross-title reading order,002,A Lonely Place of Dying,The New Titans,60,PUB-NEW-TITANS-0060,core,required,Yes,https://en.wikipedia.org/wiki/List_of_Batman_comics,verified,Listed in order of occurrence by collected-edition source.
a_lonely_place_of_dying,verified_cross_title,Verified cross-title reading order,003,A Lonely Place of Dying,Batman,441,PUB-BAT-0441,core,required,Yes,https://en.wikipedia.org/wiki/List_of_Batman_comics,verified,Listed in order of occurrence by collected-edition source.
a_lonely_place_of_dying,verified_cross_title,Verified cross-title reading order,004,A Lonely Place of Dying,The New Titans,61,PUB-NEW-TITANS-0061,core,required,Yes,https://en.wikipedia.org/wiki/List_of_Batman_comics,verified,Listed in order of occurrence by collected-edition source.
a_lonely_place_of_dying,verified_cross_title,Verified cross-title reading order,005,A Lonely Place of Dying,Batman,442,PUB-BAT-0442,core,required,Yes,https://en.wikipedia.org/wiki/List_of_Batman_comics,verified,Listed in order of occurrence by collected-edition source.
second_chances_jason_todd,verified_membership,Verified membership,001,Jason Todd origin,Batman,402,PUB-BAT-0402,character development,required,No,https://en.wikipedia.org/wiki/List_of_Batman_comics,verified,Verified membership; exact reading order not asserted beyond issue sequence.
second_chances_jason_todd,verified_membership,Verified membership,002,Jason Todd origin,Batman,403,PUB-BAT-0403,character development,required,No,https://en.wikipedia.org/wiki/List_of_Batman_comics,verified,Verified membership; exact reading order not asserted beyond issue sequence.
second_chances_jason_todd,verified_membership,Verified membership,003,Second Chances,Batman,408,PUB-BAT-0408,core,required,No,https://en.wikipedia.org/wiki/List_of_Batman_comics,verified,Verified membership; exact reading order not asserted beyond issue sequence.
second_chances_jason_todd,verified_membership,Verified membership,004,Second Chances,Batman,409,PUB-BAT-0409,core,required,No,https://en.wikipedia.org/wiki/List_of_Batman_comics,verified,Verified membership; exact reading order not asserted beyond issue sequence.
second_chances_jason_todd,verified_membership,Verified membership,005,Second Chances,Batman,410,PUB-BAT-0410,core,required,No,https://en.wikipedia.org/wiki/List_of_Batman_comics,verified,Verified membership; exact reading order not asserted beyond issue sequence.
second_chances_jason_todd,verified_membership,Verified membership,006,Second Chances,Batman,411,PUB-BAT-0411,core,required,No,https://en.wikipedia.org/wiki/List_of_Batman_comics,verified,Verified membership; exact reading order not asserted beyond issue sequence.
second_chances_jason_todd,verified_membership,Verified membership,007,Second Chances,Batman,412,PUB-BAT-0412,core,required,No,https://en.wikipedia.org/wiki/List_of_Batman_comics,verified,Verified membership; exact reading order not asserted beyond issue sequence.
second_chances_jason_todd,verified_membership,Verified membership,008,Second Chances,Batman,413,PUB-BAT-0413,core,required,No,https://en.wikipedia.org/wiki/List_of_Batman_comics,verified,Verified membership; exact reading order not asserted beyond issue sequence.
second_chances_jason_todd,verified_membership,Verified membership,009,Second Chances,Batman,414,PUB-BAT-0414,core,required,No,https://en.wikipedia.org/wiki/List_of_Batman_comics,verified,Verified membership; exact reading order not asserted beyond issue sequence.
second_chances_jason_todd,verified_membership,Verified membership,010,Second Chances,Batman,415,PUB-BAT-0415,core,required,No,https://en.wikipedia.org/wiki/List_of_Batman_comics,verified,Verified membership; exact reading order not asserted beyond issue sequence.
second_chances_jason_todd,verified_membership,Verified membership,011,Second Chances,Batman,416,PUB-BAT-0416,core,required,No,https://en.wikipedia.org/wiki/List_of_Batman_comics,verified,Verified membership; exact reading order not asserted beyond issue sequence.
second_chances_jason_todd,verified_membership,Verified membership,012,Second Chances,Batman Annual,11,PUB-BATMAN-ANNUAL-0011,recommended context,recommended,No,https://en.wikipedia.org/wiki/List_of_Batman_comics,verified,Collected in Batman: Second Chances.
ten_nights_of_the_beast,verified_membership,Verified membership,001,Ten Nights of the Beast,Batman,417,PUB-BAT-0417,core,required,No,https://en.wikipedia.org/wiki/List_of_Batman_comics,verified,Verified membership; exact reading order not asserted beyond issue sequence.
ten_nights_of_the_beast,verified_membership,Verified membership,002,Ten Nights of the Beast,Batman,418,PUB-BAT-0418,core,required,No,https://en.wikipedia.org/wiki/List_of_Batman_comics,verified,Verified membership; exact reading order not asserted beyond issue sequence.
ten_nights_of_the_beast,verified_membership,Verified membership,003,Ten Nights of the Beast,Batman,419,PUB-BAT-0419,core,required,No,https://en.wikipedia.org/wiki/List_of_Batman_comics,verified,Verified membership; exact reading order not asserted beyond issue sequence.
ten_nights_of_the_beast,verified_membership,Verified membership,004,Ten Nights of the Beast,Batman,420,PUB-BAT-0420,core,required,No,https://en.wikipedia.org/wiki/List_of_Batman_comics,verified,Verified membership; exact reading order not asserted beyond issue sequence.
a_death_in_the_family,verified_membership,Verified membership,001,A Death in the Family,Batman,426,PUB-BAT-0426,core,required,No,https://en.wikipedia.org/wiki/List_of_Batman_comics,verified,Verified membership; exact reading order not asserted beyond issue sequence.
a_death_in_the_family,verified_membership,Verified membership,002,A Death in the Family,Batman,427,PUB-BAT-0427,core,required,No,https://en.wikipedia.org/wiki/List_of_Batman_comics,verified,Verified membership; exact reading order not asserted beyond issue sequence.
a_death_in_the_family,verified_membership,Verified membership,003,A Death in the Family,Batman,428,PUB-BAT-0428,core,required,No,https://en.wikipedia.org/wiki/List_of_Batman_comics,verified,Verified membership; exact reading order not asserted beyond issue sequence.
a_death_in_the_family,verified_membership,Verified membership,004,A Death in the Family,Batman,429,PUB-BAT-0429,core,required,No,https://en.wikipedia.org/wiki/List_of_Batman_comics,verified,Verified membership; exact reading order not asserted beyond issue sequence.
many_deaths_of_batman,verified_membership,Verified membership,001,The Many Deaths of the Batman,Batman,433,PUB-BAT-0433,core,required,No,https://en.wikipedia.org/wiki/List_of_Batman_comics,verified,Verified membership; exact reading order not asserted beyond issue sequence.
many_deaths_of_batman,verified_membership,Verified membership,002,The Many Deaths of the Batman,Batman,434,PUB-BAT-0434,core,required,No,https://en.wikipedia.org/wiki/List_of_Batman_comics,verified,Verified membership; exact reading order not asserted beyond issue sequence.
many_deaths_of_batman,verified_membership,Verified membership,003,The Many Deaths of the Batman,Batman,435,PUB-BAT-0435,core,required,No,https://en.wikipedia.org/wiki/List_of_Batman_comics,verified,Verified membership; exact reading order not asserted beyond issue sequence.
year_three,verified_membership,Verified membership,001,Year Three,Batman,436,PUB-BAT-0436,core,required,No,https://en.wikipedia.org/wiki/List_of_Batman_comics,verified,Verified membership; exact reading order not asserted beyond issue sequence.
year_three,verified_membership,Verified membership,002,Year Three,Batman,437,PUB-BAT-0437,core,required,No,https://en.wikipedia.org/wiki/List_of_Batman_comics,verified,Verified membership; exact reading order not asserted beyond issue sequence.
year_three,verified_membership,Verified membership,003,Year Three,Batman,438,PUB-BAT-0438,core,required,No,https://en.wikipedia.org/wiki/List_of_Batman_comics,verified,Verified membership; exact reading order not asserted beyond issue sequence.
year_three,verified_membership,Verified membership,004,Year Three,Batman,439,PUB-BAT-0439,core,required,No,https://en.wikipedia.org/wiki/List_of_Batman_comics,verified,Verified membership; exact reading order not asserted beyond issue sequence.
blind_justice,verified_membership,Verified membership,001,Blind Justice,Detective Comics,598,PUB-DET-0598,core,required,No,https://en.wikipedia.org/wiki/List_of_Batman_comics,verified,Verified membership; exact reading order not asserted beyond issue sequence.
blind_justice,verified_membership,Verified membership,002,Blind Justice,Detective Comics,599,PUB-DET-0599,core,required,No,https://en.wikipedia.org/wiki/List_of_Batman_comics,verified,Verified membership; exact reading order not asserted beyond issue sequence.
blind_justice,verified_membership,Verified membership,003,Blind Justice,Detective Comics,600,PUB-DET-0600,core,required,No,https://en.wikipedia.org/wiki/List_of_Batman_comics,verified,Verified membership; exact reading order not asserted beyond issue sequence.
dark_knight_dark_city,verified_membership,Verified membership,001,Dark Knight Dark City,Batman,452,PUB-BAT-0452,core,required,No,https://en.wikipedia.org/wiki/List_of_Batman_comics,verified,Verified membership; exact reading order not asserted beyond issue sequence.
dark_knight_dark_city,verified_membership,Verified membership,002,Dark Knight Dark City,Batman,453,PUB-BAT-0453,core,required,No,https://en.wikipedia.org/wiki/List_of_Batman_comics,verified,Verified membership; exact reading order not asserted beyond issue sequence.
dark_knight_dark_city,verified_membership,Verified membership,003,Dark Knight Dark City,Batman,454,PUB-BAT-0454,core,required,No,https://en.wikipedia.org/wiki/List_of_Batman_comics,verified,Verified membership; exact reading order not asserted beyond issue sequence.
dark_knight_dark_city,verified_membership,Verified membership,004,Dark Knight Dark City,Batman,455,PUB-BAT-0455,core,required,No,https://en.wikipedia.org/wiki/List_of_Batman_comics,verified,Verified membership; exact reading order not asserted beyond issue sequence.
the_idiot_root,verified_membership,Verified membership,001,The Idiot Root,Detective Comics,629,PUB-DET-0629,core,required,No,https://en.wikipedia.org/wiki/List_of_Batman_comics,verified,Verified membership; exact reading order not asserted beyond issue sequence.
the_idiot_root,verified_membership,Verified membership,002,The Idiot Root,Detective Comics,630,PUB-DET-0630,core,required,No,https://en.wikipedia.org/wiki/List_of_Batman_comics,verified,Verified membership; exact reading order not asserted beyond issue sequence.
the_idiot_root,verified_membership,Verified membership,003,The Idiot Root,Detective Comics,631,PUB-DET-0631,core,required,No,https://en.wikipedia.org/wiki/List_of_Batman_comics,verified,Verified membership; exact reading order not asserted beyond issue sequence.
the_idiot_root,verified_membership,Verified membership,004,The Idiot Root,Detective Comics,632,PUB-DET-0632,core,required,No,https://en.wikipedia.org/wiki/List_of_Batman_comics,verified,Verified membership; exact reading order not asserted beyond issue sequence.
the_idiot_root,verified_membership,Verified membership,005,The Idiot Root,Detective Comics,633,PUB-DET-0633,core,required,No,https://en.wikipedia.org/wiki/List_of_Batman_comics,verified,Verified membership; exact reading order not asserted beyond issue sequence.
destroyer,verified_membership,Verified membership,001,Destroyer,Batman,474,PUB-BAT-0474,core,required,Yes,https://en.wikipedia.org/wiki/Batman%3A_Legends_of_the_Dark_Knight,verified,Three-part Destroyer crossover membership.
destroyer,verified_membership,Verified membership,002,Destroyer,Batman: Legends of the Dark Knight,27,PUB-LOTDK-0027,core,required,Yes,https://en.wikipedia.org/wiki/Batman%3A_Legends_of_the_Dark_Knight,verified,Three-part Destroyer crossover membership.
destroyer,verified_membership,Verified membership,003,Destroyer,Detective Comics,641,PUB-DET-0641,core,required,Yes,https://en.wikipedia.org/wiki/Batman%3A_Legends_of_the_Dark_Knight,verified,Three-part Destroyer crossover membership.
the_penguin_affair,verified_membership,Verified membership,001,The Penguin Affair,Detective Comics,610,PUB-DET-0610,core,required,No,https://en.wikipedia.org/wiki/Penguin_%28character%29,verified,The Penguin Affair Post-Crisis story reference lists Detective Comics #610-611.
the_penguin_affair,verified_membership,Verified membership,002,The Penguin Affair,Detective Comics,611,PUB-DET-0611,core,required,No,https://en.wikipedia.org/wiki/Penguin_%28character%29,verified,The Penguin Affair Post-Crisis story reference lists Detective Comics #610-611.
robin_reborn,verified_membership,Verified membership,001,Robin: Reborn,Batman,455,PUB-BAT-0455,Tim training,required,No,https://en.wikipedia.org/wiki/List_of_Batman_comics,verified,Collected in Robin Vol. 1: Reborn context.
robin_reborn,verified_membership,Verified membership,002,Robin: Reborn,Batman,456,PUB-BAT-0456,Tim training,required,No,https://en.wikipedia.org/wiki/List_of_Batman_comics,verified,Collected in Robin Vol. 1: Reborn context.
robin_reborn,verified_membership,Verified membership,003,Robin: Reborn,Batman,457,PUB-BAT-0457,Tim becomes Robin,required,No,https://en.wikipedia.org/wiki/List_of_Batman_comics,verified,Collected in Robin Vol. 1: Reborn context.
robin_reborn,verified_membership,Verified membership,004,Robin: Reborn,Detective Comics,618,PUB-DET-0618,context,required,No,https://en.wikipedia.org/wiki/List_of_Batman_comics,verified,Collected in Robin Vol. 1: Reborn context.
robin_reborn,verified_membership,Verified membership,005,Robin: Reborn,Detective Comics,619,PUB-DET-0619,context,required,No,https://en.wikipedia.org/wiki/List_of_Batman_comics,verified,Collected in Robin Vol. 1: Reborn context.
robin_reborn,verified_membership,Verified membership,006,Robin: Reborn,Detective Comics,620,PUB-DET-0620,context,required,No,https://en.wikipedia.org/wiki/List_of_Batman_comics,verified,Collected in Robin Vol. 1: Reborn context.
robin_reborn,verified_membership,Verified membership,007,Robin: Reborn,Detective Comics,621,PUB-DET-0621,context,required,No,https://en.wikipedia.org/wiki/List_of_Batman_comics,verified,Collected in Robin Vol. 1: Reborn context.
robin_reborn,verified_membership,Verified membership,008,Robin: Reborn,Robin (1991),1,PUB-ROBIN-1991-0001,core,required,No,https://en.wikipedia.org/wiki/List_of_Batman_comics,verified,Verified membership; exact reading order not asserted beyond issue sequence.
robin_reborn,verified_membership,Verified membership,009,Robin: Reborn,Robin (1991),2,PUB-ROBIN-1991-0002,core,required,No,https://en.wikipedia.org/wiki/List_of_Batman_comics,verified,Verified membership; exact reading order not asserted beyond issue sequence.
robin_reborn,verified_membership,Verified membership,010,Robin: Reborn,Robin (1991),3,PUB-ROBIN-1991-0003,core,required,No,https://en.wikipedia.org/wiki/List_of_Batman_comics,verified,Verified membership; exact reading order not asserted beyond issue sequence.
robin_reborn,verified_membership,Verified membership,011,Robin: Reborn,Robin (1991),4,PUB-ROBIN-1991-0004,core,required,No,https://en.wikipedia.org/wiki/List_of_Batman_comics,verified,Verified membership; exact reading order not asserted beyond issue sequence.
robin_reborn,verified_membership,Verified membership,012,Robin: Reborn,Robin (1991),5,PUB-ROBIN-1991-0005,core,required,No,https://en.wikipedia.org/wiki/List_of_Batman_comics,verified,Verified membership; exact reading order not asserted beyond issue sequence.
robin_jokers_wild,verified_membership,Verified membership,001,Joker's Wild,Robin II,1,PUB-ROBIN-II-0001,core,required,No,https://en.wikipedia.org/wiki/List_of_Batman_comics,verified,Verified membership; exact reading order not asserted beyond issue sequence.
robin_jokers_wild,verified_membership,Verified membership,002,Joker's Wild,Robin II,2,PUB-ROBIN-II-0002,core,required,No,https://en.wikipedia.org/wiki/List_of_Batman_comics,verified,Verified membership; exact reading order not asserted beyond issue sequence.
robin_jokers_wild,verified_membership,Verified membership,003,Joker's Wild,Robin II,3,PUB-ROBIN-II-0003,core,required,No,https://en.wikipedia.org/wiki/List_of_Batman_comics,verified,Verified membership; exact reading order not asserted beyond issue sequence.
robin_jokers_wild,verified_membership,Verified membership,004,Joker's Wild,Robin II,4,PUB-ROBIN-II-0004,core,required,No,https://en.wikipedia.org/wiki/List_of_Batman_comics,verified,Verified membership; exact reading order not asserted beyond issue sequence.
robin_cry_of_the_huntress,verified_membership,Verified membership,001,Cry of the Huntress,Robin III: Cry of the Huntress,1,PUB-ROBIN-III-0001,core,required,No,https://en.wikipedia.org/wiki/List_of_Batman_comics,verified,Verified membership; exact reading order not asserted beyond issue sequence.
robin_cry_of_the_huntress,verified_membership,Verified membership,002,Cry of the Huntress,Robin III: Cry of the Huntress,2,PUB-ROBIN-III-0002,core,required,No,https://en.wikipedia.org/wiki/List_of_Batman_comics,verified,Verified membership; exact reading order not asserted beyond issue sequence.
robin_cry_of_the_huntress,verified_membership,Verified membership,003,Cry of the Huntress,Robin III: Cry of the Huntress,3,PUB-ROBIN-III-0003,core,required,No,https://en.wikipedia.org/wiki/List_of_Batman_comics,verified,Verified membership; exact reading order not asserted beyond issue sequence.
robin_cry_of_the_huntress,verified_membership,Verified membership,004,Cry of the Huntress,Robin III: Cry of the Huntress,4,PUB-ROBIN-III-0004,core,required,No,https://en.wikipedia.org/wiki/List_of_Batman_comics,verified,Verified membership; exact reading order not asserted beyond issue sequence.
robin_cry_of_the_huntress,verified_membership,Verified membership,005,Cry of the Huntress,Robin III: Cry of the Huntress,5,PUB-ROBIN-III-0005,core,required,No,https://en.wikipedia.org/wiki/List_of_Batman_comics,verified,Verified membership; exact reading order not asserted beyond issue sequence.
robin_cry_of_the_huntress,verified_membership,Verified membership,006,Cry of the Huntress,Robin III: Cry of the Huntress,6,PUB-ROBIN-III-0006,core,required,No,https://en.wikipedia.org/wiki/List_of_Batman_comics,verified,Verified membership; exact reading order not asserted beyond issue sequence.
sword_of_azrael,verified_membership,Verified membership,001,Sword of Azrael,Batman: Sword of Azrael,1,PUB-SWORD-OF-AZRAEL-0001,core,required,No,https://en.wikipedia.org/wiki/Batman%3A_Knightfall,verified,Verified membership; exact reading order not asserted beyond issue sequence.
sword_of_azrael,verified_membership,Verified membership,002,Sword of Azrael,Batman: Sword of Azrael,2,PUB-SWORD-OF-AZRAEL-0002,core,required,No,https://en.wikipedia.org/wiki/Batman%3A_Knightfall,verified,Verified membership; exact reading order not asserted beyond issue sequence.
sword_of_azrael,verified_membership,Verified membership,003,Sword of Azrael,Batman: Sword of Azrael,3,PUB-SWORD-OF-AZRAEL-0003,core,required,No,https://en.wikipedia.org/wiki/Batman%3A_Knightfall,verified,Verified membership; exact reading order not asserted beyond issue sequence.
sword_of_azrael,verified_membership,Verified membership,004,Sword of Azrael,Batman: Sword of Azrael,4,PUB-SWORD-OF-AZRAEL-0004,core,required,No,https://en.wikipedia.org/wiki/Batman%3A_Knightfall,verified,Verified membership; exact reading order not asserted beyond issue sequence.
vengeance_of_bane,verified_membership,Verified membership,001,Bane setup,Batman: Vengeance of Bane,1,PUB-VENGEANCE-OF-BANE-0001,Bane setup,required,No,https://en.wikipedia.org/wiki/Batman%3A_Knightfall,verified,Bane introduction/setup for Knightfall.
prelude_to_knightfall,verified_membership,Verified membership,001,Bruce deterioration / Bane setup,Batman,484,PUB-BAT-0484,direct prelude,required,No,https://en.wikipedia.org/wiki/Batman%3A_Knightfall,verified,Verified membership; exact reading order not asserted beyond issue sequence.
prelude_to_knightfall,verified_membership,Verified membership,002,Bruce deterioration / Bane setup,Batman,485,PUB-BAT-0485,direct prelude,required,No,https://en.wikipedia.org/wiki/Batman%3A_Knightfall,verified,Verified membership; exact reading order not asserted beyond issue sequence.
prelude_to_knightfall,verified_membership,Verified membership,003,Bruce deterioration / Bane setup,Batman,486,PUB-BAT-0486,direct prelude,required,No,https://en.wikipedia.org/wiki/Batman%3A_Knightfall,verified,Verified membership; exact reading order not asserted beyond issue sequence.
prelude_to_knightfall,verified_membership,Verified membership,004,Bruce deterioration / Bane setup,Batman,487,PUB-BAT-0487,direct prelude,required,No,https://en.wikipedia.org/wiki/Batman%3A_Knightfall,verified,Verified membership; exact reading order not asserted beyond issue sequence.
prelude_to_knightfall,verified_membership,Verified membership,005,Bruce deterioration / Bane setup,Batman,488,PUB-BAT-0488,direct prelude,required,No,https://en.wikipedia.org/wiki/Batman%3A_Knightfall,verified,Verified membership; exact reading order not asserted beyond issue sequence.
prelude_to_knightfall,verified_membership,Verified membership,006,Bruce deterioration / Bane setup,Batman,489,PUB-BAT-0489,direct prelude,required,No,https://en.wikipedia.org/wiki/Batman%3A_Knightfall,verified,Verified membership; exact reading order not asserted beyond issue sequence.
prelude_to_knightfall,verified_membership,Verified membership,007,Bruce deterioration / Bane setup,Batman,490,PUB-BAT-0490,direct prelude,required,No,https://en.wikipedia.org/wiki/Batman%3A_Knightfall,verified,Verified membership; exact reading order not asserted beyond issue sequence.
prelude_to_knightfall,verified_membership,Verified membership,008,Bruce deterioration / Bane setup,Detective Comics,654,PUB-DET-0654,direct prelude,required,No,https://en.wikipedia.org/wiki/Batman%3A_Knightfall,verified,Verified membership; exact reading order not asserted beyond issue sequence.
prelude_to_knightfall,verified_membership,Verified membership,009,Bruce deterioration / Bane setup,Detective Comics,655,PUB-DET-0655,direct prelude,required,No,https://en.wikipedia.org/wiki/Batman%3A_Knightfall,verified,Verified membership; exact reading order not asserted beyond issue sequence.
prelude_to_knightfall,verified_membership,Verified membership,010,Bruce deterioration / Bane setup,Detective Comics,656,PUB-DET-0656,direct prelude,required,No,https://en.wikipedia.org/wiki/Batman%3A_Knightfall,verified,Verified membership; exact reading order not asserted beyond issue sequence.
prelude_to_knightfall,verified_membership,Verified membership,011,Bruce deterioration / Bane setup,Detective Comics,657,PUB-DET-0657,direct prelude,required,No,https://en.wikipedia.org/wiki/Batman%3A_Knightfall,verified,Verified membership; exact reading order not asserted beyond issue sequence.
prelude_to_knightfall,verified_membership,Verified membership,012,Bruce deterioration / Bane setup,Detective Comics,658,PUB-DET-0658,direct prelude,required,No,https://en.wikipedia.org/wiki/Batman%3A_Knightfall,verified,Verified membership; exact reading order not asserted beyond issue sequence.
lotdk_shaman,verified_membership,Verified membership,001,Shaman,Batman: Legends of the Dark Knight,1,PUB-LOTDK-0001,core,required,No,https://en.wikipedia.org/wiki/Batman%3A_Legends_of_the_Dark_Knight,verified,Verified membership; exact reading order not asserted beyond issue sequence.
lotdk_shaman,verified_membership,Verified membership,002,Shaman,Batman: Legends of the Dark Knight,2,PUB-LOTDK-0002,core,required,No,https://en.wikipedia.org/wiki/Batman%3A_Legends_of_the_Dark_Knight,verified,Verified membership; exact reading order not asserted beyond issue sequence.
lotdk_shaman,verified_membership,Verified membership,003,Shaman,Batman: Legends of the Dark Knight,3,PUB-LOTDK-0003,core,required,No,https://en.wikipedia.org/wiki/Batman%3A_Legends_of_the_Dark_Knight,verified,Verified membership; exact reading order not asserted beyond issue sequence.
lotdk_shaman,verified_membership,Verified membership,004,Shaman,Batman: Legends of the Dark Knight,4,PUB-LOTDK-0004,core,required,No,https://en.wikipedia.org/wiki/Batman%3A_Legends_of_the_Dark_Knight,verified,Verified membership; exact reading order not asserted beyond issue sequence.
lotdk_shaman,verified_membership,Verified membership,005,Shaman,Batman: Legends of the Dark Knight,5,PUB-LOTDK-0005,core,required,No,https://en.wikipedia.org/wiki/Batman%3A_Legends_of_the_Dark_Knight,verified,Verified membership; exact reading order not asserted beyond issue sequence.
lotdk_gothic,verified_membership,Verified membership,001,Gothic,Batman: Legends of the Dark Knight,6,PUB-LOTDK-0006,core,required,No,https://en.wikipedia.org/wiki/Batman%3A_Legends_of_the_Dark_Knight,verified,Verified membership; exact reading order not asserted beyond issue sequence.
lotdk_gothic,verified_membership,Verified membership,002,Gothic,Batman: Legends of the Dark Knight,7,PUB-LOTDK-0007,core,required,No,https://en.wikipedia.org/wiki/Batman%3A_Legends_of_the_Dark_Knight,verified,Verified membership; exact reading order not asserted beyond issue sequence.
lotdk_gothic,verified_membership,Verified membership,003,Gothic,Batman: Legends of the Dark Knight,8,PUB-LOTDK-0008,core,required,No,https://en.wikipedia.org/wiki/Batman%3A_Legends_of_the_Dark_Knight,verified,Verified membership; exact reading order not asserted beyond issue sequence.
lotdk_gothic,verified_membership,Verified membership,004,Gothic,Batman: Legends of the Dark Knight,9,PUB-LOTDK-0009,core,required,No,https://en.wikipedia.org/wiki/Batman%3A_Legends_of_the_Dark_Knight,verified,Verified membership; exact reading order not asserted beyond issue sequence.
lotdk_gothic,verified_membership,Verified membership,005,Gothic,Batman: Legends of the Dark Knight,10,PUB-LOTDK-0010,core,required,No,https://en.wikipedia.org/wiki/Batman%3A_Legends_of_the_Dark_Knight,verified,Verified membership; exact reading order not asserted beyond issue sequence.
lotdk_prey,verified_membership,Verified membership,001,Prey,Batman: Legends of the Dark Knight,11,PUB-LOTDK-0011,core,required,No,https://en.wikipedia.org/wiki/Batman%3A_Legends_of_the_Dark_Knight,verified,Verified membership; exact reading order not asserted beyond issue sequence.
lotdk_prey,verified_membership,Verified membership,002,Prey,Batman: Legends of the Dark Knight,12,PUB-LOTDK-0012,core,required,No,https://en.wikipedia.org/wiki/Batman%3A_Legends_of_the_Dark_Knight,verified,Verified membership; exact reading order not asserted beyond issue sequence.
lotdk_prey,verified_membership,Verified membership,003,Prey,Batman: Legends of the Dark Knight,13,PUB-LOTDK-0013,core,required,No,https://en.wikipedia.org/wiki/Batman%3A_Legends_of_the_Dark_Knight,verified,Verified membership; exact reading order not asserted beyond issue sequence.
lotdk_prey,verified_membership,Verified membership,004,Prey,Batman: Legends of the Dark Knight,14,PUB-LOTDK-0014,core,required,No,https://en.wikipedia.org/wiki/Batman%3A_Legends_of_the_Dark_Knight,verified,Verified membership; exact reading order not asserted beyond issue sequence.
lotdk_prey,verified_membership,Verified membership,005,Prey,Batman: Legends of the Dark Knight,15,PUB-LOTDK-0015,core,required,No,https://en.wikipedia.org/wiki/Batman%3A_Legends_of_the_Dark_Knight,verified,Verified membership; exact reading order not asserted beyond issue sequence.
lotdk_venom,verified_membership,Verified membership,001,Venom,Batman: Legends of the Dark Knight,16,PUB-LOTDK-0016,core,required,No,https://en.wikipedia.org/wiki/Batman%3A_Legends_of_the_Dark_Knight,verified,Verified membership; exact reading order not asserted beyond issue sequence.
lotdk_venom,verified_membership,Verified membership,002,Venom,Batman: Legends of the Dark Knight,17,PUB-LOTDK-0017,core,required,No,https://en.wikipedia.org/wiki/Batman%3A_Legends_of_the_Dark_Knight,verified,Verified membership; exact reading order not asserted beyond issue sequence.
lotdk_venom,verified_membership,Verified membership,003,Venom,Batman: Legends of the Dark Knight,18,PUB-LOTDK-0018,core,required,No,https://en.wikipedia.org/wiki/Batman%3A_Legends_of_the_Dark_Knight,verified,Verified membership; exact reading order not asserted beyond issue sequence.
lotdk_venom,verified_membership,Verified membership,004,Venom,Batman: Legends of the Dark Knight,19,PUB-LOTDK-0019,core,required,No,https://en.wikipedia.org/wiki/Batman%3A_Legends_of_the_Dark_Knight,verified,Verified membership; exact reading order not asserted beyond issue sequence.
lotdk_venom,verified_membership,Verified membership,005,Venom,Batman: Legends of the Dark Knight,20,PUB-LOTDK-0020,core,required,No,https://en.wikipedia.org/wiki/Batman%3A_Legends_of_the_Dark_Knight,verified,Verified membership; exact reading order not asserted beyond issue sequence.
lotdk_faith,verified_membership,Verified membership,001,Faith,Batman: Legends of the Dark Knight,21,PUB-LOTDK-0021,core,required,No,https://en.wikipedia.org/wiki/Batman%3A_Legends_of_the_Dark_Knight,verified,Verified membership; exact reading order not asserted beyond issue sequence.
lotdk_faith,verified_membership,Verified membership,002,Faith,Batman: Legends of the Dark Knight,22,PUB-LOTDK-0022,core,required,No,https://en.wikipedia.org/wiki/Batman%3A_Legends_of_the_Dark_Knight,verified,Verified membership; exact reading order not asserted beyond issue sequence.
lotdk_faith,verified_membership,Verified membership,003,Faith,Batman: Legends of the Dark Knight,23,PUB-LOTDK-0023,core,required,No,https://en.wikipedia.org/wiki/Batman%3A_Legends_of_the_Dark_Knight,verified,Verified membership; exact reading order not asserted beyond issue sequence.
lotdk_flyer,verified_membership,Verified membership,001,Flyer,Batman: Legends of the Dark Knight,24,PUB-LOTDK-0024,core,required,No,https://en.wikipedia.org/wiki/Batman%3A_Legends_of_the_Dark_Knight,verified,Verified membership; exact reading order not asserted beyond issue sequence.
lotdk_flyer,verified_membership,Verified membership,002,Flyer,Batman: Legends of the Dark Knight,25,PUB-LOTDK-0025,core,required,No,https://en.wikipedia.org/wiki/Batman%3A_Legends_of_the_Dark_Knight,verified,Verified membership; exact reading order not asserted beyond issue sequence.
lotdk_flyer,verified_membership,Verified membership,003,Flyer,Batman: Legends of the Dark Knight,26,PUB-LOTDK-0026,core,required,No,https://en.wikipedia.org/wiki/Batman%3A_Legends_of_the_Dark_Knight,verified,Verified membership; exact reading order not asserted beyond issue sequence.
lotdk_faces,verified_membership,Verified membership,001,Faces,Batman: Legends of the Dark Knight,28,PUB-LOTDK-0028,core,required,No,https://en.wikipedia.org/wiki/Batman%3A_Legends_of_the_Dark_Knight,verified,Verified membership; exact reading order not asserted beyond issue sequence.
lotdk_faces,verified_membership,Verified membership,002,Faces,Batman: Legends of the Dark Knight,29,PUB-LOTDK-0029,core,required,No,https://en.wikipedia.org/wiki/Batman%3A_Legends_of_the_Dark_Knight,verified,Verified membership; exact reading order not asserted beyond issue sequence.
lotdk_faces,verified_membership,Verified membership,003,Faces,Batman: Legends of the Dark Knight,30,PUB-LOTDK-0030,core,required,No,https://en.wikipedia.org/wiki/Batman%3A_Legends_of_the_Dark_Knight,verified,Verified membership; exact reading order not asserted beyond issue sequence.
lotdk_blades,verified_membership,Verified membership,001,Blades,Batman: Legends of the Dark Knight,32,PUB-LOTDK-0032,core,required,No,https://en.wikipedia.org/wiki/Batman%3A_Legends_of_the_Dark_Knight,verified,Verified membership; exact reading order not asserted beyond issue sequence.
lotdk_blades,verified_membership,Verified membership,002,Blades,Batman: Legends of the Dark Knight,33,PUB-LOTDK-0033,core,required,No,https://en.wikipedia.org/wiki/Batman%3A_Legends_of_the_Dark_Knight,verified,Verified membership; exact reading order not asserted beyond issue sequence.
lotdk_blades,verified_membership,Verified membership,003,Blades,Batman: Legends of the Dark Knight,34,PUB-LOTDK-0034,core,required,No,https://en.wikipedia.org/wiki/Batman%3A_Legends_of_the_Dark_Knight,verified,Verified membership; exact reading order not asserted beyond issue sequence.
legends_crossover,core_event,Core event miniseries,001,Legends,Legends,1,PUB-LEGENDS-0001,core event,optional,Yes,https://en.wikipedia.org/wiki/Legends_%28comics%29,verified,Core Legends miniseries.
legends_crossover,core_event,Core event miniseries,002,Legends,Legends,2,PUB-LEGENDS-0002,core event,optional,Yes,https://en.wikipedia.org/wiki/Legends_%28comics%29,verified,Core Legends miniseries.
legends_crossover,core_event,Core event miniseries,003,Legends,Legends,3,PUB-LEGENDS-0003,core event,optional,Yes,https://en.wikipedia.org/wiki/Legends_%28comics%29,verified,Core Legends miniseries.
legends_crossover,core_event,Core event miniseries,004,Legends,Legends,4,PUB-LEGENDS-0004,core event,optional,Yes,https://en.wikipedia.org/wiki/Legends_%28comics%29,verified,Core Legends miniseries.
legends_crossover,core_event,Core event miniseries,005,Legends,Legends,5,PUB-LEGENDS-0005,core event,optional,Yes,https://en.wikipedia.org/wiki/Legends_%28comics%29,verified,Core Legends miniseries.
legends_crossover,core_event,Core event miniseries,006,Legends,Legends,6,PUB-LEGENDS-0006,core event,optional,Yes,https://en.wikipedia.org/wiki/Legends_%28comics%29,verified,Core Legends miniseries.
legends_crossover,local_tie_ins,local tie-ins,101,Legends,Batman,401,PUB-BAT-0401,local tie-in,recommended,Yes,https://en.wikipedia.org/wiki/Legends_%28comics%29,verified,Official Legends chapter 1 crossover.
legends_crossover,local_tie_ins,local tie-ins,102,Legends,Detective Comics,568,PUB-DET-0568,local tie-in,recommended,Yes,https://en.wikipedia.org/wiki/Legends_%28comics%29,verified,Official Legends chapter 2 crossover.
countdown_to_infinite_crisis,core_buildup,Core buildup,001,Countdown,Countdown to Infinite Crisis,1,PUB-COUNTDOWN-TO-INFINITE-CRISIS-0001,prologue,required,No,https://en.wikipedia.org/wiki/Countdown_to_Infinite_Crisis,verified,Official start/prologue to Infinite Crisis storyline.
the_omac_item,core_miniseries,Core six-issue miniseries,001,The OMAC Item,The OMAC Item,1,PUB-THE-OMAC-PROJECT-0001,core,required,No,https://en.wikipedia.org/wiki/Infinite_Crisis,verified,Major Infinite Crisis lead-in miniseries issue.
the_omac_item,core_miniseries,Core six-issue miniseries,002,The OMAC Item,The OMAC Item,2,PUB-THE-OMAC-PROJECT-0002,core,required,No,https://en.wikipedia.org/wiki/Infinite_Crisis,verified,Major Infinite Crisis lead-in miniseries issue.
the_omac_item,core_miniseries,Core six-issue miniseries,003,The OMAC Item,The OMAC Item,3,PUB-THE-OMAC-PROJECT-0003,core,required,No,https://en.wikipedia.org/wiki/Infinite_Crisis,verified,Major Infinite Crisis lead-in miniseries issue.
the_omac_item,core_miniseries,Core six-issue miniseries,004,The OMAC Item,The OMAC Item,4,PUB-THE-OMAC-PROJECT-0004,core,required,No,https://en.wikipedia.org/wiki/Infinite_Crisis,verified,Major Infinite Crisis lead-in miniseries issue.
the_omac_item,core_miniseries,Core six-issue miniseries,005,The OMAC Item,The OMAC Item,5,PUB-THE-OMAC-PROJECT-0005,core,required,No,https://en.wikipedia.org/wiki/Infinite_Crisis,verified,Major Infinite Crisis lead-in miniseries issue.
the_omac_item,core_miniseries,Core six-issue miniseries,006,The OMAC Item,The OMAC Item,6,PUB-THE-OMAC-PROJECT-0006,core,required,No,https://en.wikipedia.org/wiki/Infinite_Crisis,verified,Major Infinite Crisis lead-in miniseries issue.
the_omac_item,expanded_with_special,Expanded with Infinite Crisis Special,007,The OMAC Item,The OMAC Item: Infinite Crisis Special,1,PUB-THE-OMAC-PROJECT-INFINITE-CRISIS-SPECIAL-0001,special,required,No,https://en.wikipedia.org/wiki/Infinite_Crisis,verified,Infinite Crisis Special follow-up for this miniseries.
villains_united,core_miniseries,Core six-issue miniseries,001,Villains United,Villains United,1,PUB-VILLAINS-UNITED-0001,core,required,No,https://en.wikipedia.org/wiki/Infinite_Crisis,verified,Major Infinite Crisis lead-in miniseries issue.
villains_united,core_miniseries,Core six-issue miniseries,002,Villains United,Villains United,2,PUB-VILLAINS-UNITED-0002,core,required,No,https://en.wikipedia.org/wiki/Infinite_Crisis,verified,Major Infinite Crisis lead-in miniseries issue.
villains_united,core_miniseries,Core six-issue miniseries,003,Villains United,Villains United,3,PUB-VILLAINS-UNITED-0003,core,required,No,https://en.wikipedia.org/wiki/Infinite_Crisis,verified,Major Infinite Crisis lead-in miniseries issue.
villains_united,core_miniseries,Core six-issue miniseries,004,Villains United,Villains United,4,PUB-VILLAINS-UNITED-0004,core,required,No,https://en.wikipedia.org/wiki/Infinite_Crisis,verified,Major Infinite Crisis lead-in miniseries issue.
villains_united,core_miniseries,Core six-issue miniseries,005,Villains United,Villains United,5,PUB-VILLAINS-UNITED-0005,core,required,No,https://en.wikipedia.org/wiki/Infinite_Crisis,verified,Major Infinite Crisis lead-in miniseries issue.
villains_united,core_miniseries,Core six-issue miniseries,006,Villains United,Villains United,6,PUB-VILLAINS-UNITED-0006,core,required,No,https://en.wikipedia.org/wiki/Infinite_Crisis,verified,Major Infinite Crisis lead-in miniseries issue.
villains_united,expanded_with_special,Expanded with Infinite Crisis Special,007,Villains United,Villains United: Infinite Crisis Special,1,PUB-VILLAINS-UNITED-INFINITE-CRISIS-SPECIAL-0001,special,required,No,https://en.wikipedia.org/wiki/Infinite_Crisis,verified,Infinite Crisis Special follow-up for this miniseries.
day_of_vengeance,core_miniseries,Core six-issue miniseries,001,Day of Vengeance,Day of Vengeance,1,PUB-DAY-OF-VENGEANCE-0001,core,required,No,https://en.wikipedia.org/wiki/Infinite_Crisis,verified,Major Infinite Crisis lead-in miniseries issue.
day_of_vengeance,core_miniseries,Core six-issue miniseries,002,Day of Vengeance,Day of Vengeance,2,PUB-DAY-OF-VENGEANCE-0002,core,required,No,https://en.wikipedia.org/wiki/Infinite_Crisis,verified,Major Infinite Crisis lead-in miniseries issue.
day_of_vengeance,core_miniseries,Core six-issue miniseries,003,Day of Vengeance,Day of Vengeance,3,PUB-DAY-OF-VENGEANCE-0003,core,required,No,https://en.wikipedia.org/wiki/Infinite_Crisis,verified,Major Infinite Crisis lead-in miniseries issue.
day_of_vengeance,core_miniseries,Core six-issue miniseries,004,Day of Vengeance,Day of Vengeance,4,PUB-DAY-OF-VENGEANCE-0004,core,required,No,https://en.wikipedia.org/wiki/Infinite_Crisis,verified,Major Infinite Crisis lead-in miniseries issue.
day_of_vengeance,core_miniseries,Core six-issue miniseries,005,Day of Vengeance,Day of Vengeance,5,PUB-DAY-OF-VENGEANCE-0005,core,required,No,https://en.wikipedia.org/wiki/Infinite_Crisis,verified,Major Infinite Crisis lead-in miniseries issue.
day_of_vengeance,core_miniseries,Core six-issue miniseries,006,Day of Vengeance,Day of Vengeance,6,PUB-DAY-OF-VENGEANCE-0006,core,required,No,https://en.wikipedia.org/wiki/Infinite_Crisis,verified,Major Infinite Crisis lead-in miniseries issue.
day_of_vengeance,expanded_with_special,Expanded with Infinite Crisis Special,007,Day of Vengeance,Day of Vengeance: Infinite Crisis Special,1,PUB-DAY-OF-VENGEANCE-INFINITE-CRISIS-SPECIAL-0001,special,required,No,https://en.wikipedia.org/wiki/Infinite_Crisis,verified,Infinite Crisis Special follow-up for this miniseries.
rann_thanagar_war,core_miniseries,Core six-issue miniseries,001,Rann-Thanagar War,Rann-Thanagar War,1,PUB-RANN-THANAGAR-WAR-0001,core,required,No,https://en.wikipedia.org/wiki/Rann%E2%80%93Thanagar_War,verified,Major Infinite Crisis lead-in miniseries issue.
rann_thanagar_war,core_miniseries,Core six-issue miniseries,002,Rann-Thanagar War,Rann-Thanagar War,2,PUB-RANN-THANAGAR-WAR-0002,core,required,No,https://en.wikipedia.org/wiki/Rann%E2%80%93Thanagar_War,verified,Major Infinite Crisis lead-in miniseries issue.
rann_thanagar_war,core_miniseries,Core six-issue miniseries,003,Rann-Thanagar War,Rann-Thanagar War,3,PUB-RANN-THANAGAR-WAR-0003,core,required,No,https://en.wikipedia.org/wiki/Rann%E2%80%93Thanagar_War,verified,Major Infinite Crisis lead-in miniseries issue.
rann_thanagar_war,core_miniseries,Core six-issue miniseries,004,Rann-Thanagar War,Rann-Thanagar War,4,PUB-RANN-THANAGAR-WAR-0004,core,required,No,https://en.wikipedia.org/wiki/Rann%E2%80%93Thanagar_War,verified,Major Infinite Crisis lead-in miniseries issue.
rann_thanagar_war,core_miniseries,Core six-issue miniseries,005,Rann-Thanagar War,Rann-Thanagar War,5,PUB-RANN-THANAGAR-WAR-0005,core,required,No,https://en.wikipedia.org/wiki/Rann%E2%80%93Thanagar_War,verified,Major Infinite Crisis lead-in miniseries issue.
rann_thanagar_war,core_miniseries,Core six-issue miniseries,006,Rann-Thanagar War,Rann-Thanagar War,6,PUB-RANN-THANAGAR-WAR-0006,core,required,No,https://en.wikipedia.org/wiki/Rann%E2%80%93Thanagar_War,verified,Major Infinite Crisis lead-in miniseries issue.
rann_thanagar_war,expanded_with_special,Expanded with Infinite Crisis Special,007,Rann-Thanagar War,Rann-Thanagar War: Infinite Crisis Special,1,PUB-RANN-THANAGAR-WAR-INFINITE-CRISIS-SPECIAL-0001,special,required,No,https://en.wikipedia.org/wiki/Rann%E2%80%93Thanagar_War,verified,Infinite Crisis Special follow-up for this miniseries.
identity_crisis_context,core_buildup,Core buildup,001,Identity Crisis,Identity Crisis,1,PUB-IDENTITY-CRISIS-0001,context,recommended,No,https://en.wikipedia.org/wiki/Infinite_Crisis,verified,"Contextual lead-in, not required core Countdown material."
identity_crisis_context,core_buildup,Core buildup,002,Identity Crisis,Identity Crisis,2,PUB-IDENTITY-CRISIS-0002,context,recommended,No,https://en.wikipedia.org/wiki/Infinite_Crisis,verified,"Contextual lead-in, not required core Countdown material."
identity_crisis_context,core_buildup,Core buildup,003,Identity Crisis,Identity Crisis,3,PUB-IDENTITY-CRISIS-0003,context,recommended,No,https://en.wikipedia.org/wiki/Infinite_Crisis,verified,"Contextual lead-in, not required core Countdown material."
identity_crisis_context,core_buildup,Core buildup,004,Identity Crisis,Identity Crisis,4,PUB-IDENTITY-CRISIS-0004,context,recommended,No,https://en.wikipedia.org/wiki/Infinite_Crisis,verified,"Contextual lead-in, not required core Countdown material."
identity_crisis_context,core_buildup,Core buildup,005,Identity Crisis,Identity Crisis,5,PUB-IDENTITY-CRISIS-0005,context,recommended,No,https://en.wikipedia.org/wiki/Infinite_Crisis,verified,"Contextual lead-in, not required core Countdown material."
identity_crisis_context,core_buildup,Core buildup,006,Identity Crisis,Identity Crisis,6,PUB-IDENTITY-CRISIS-0006,context,recommended,No,https://en.wikipedia.org/wiki/Infinite_Crisis,verified,"Contextual lead-in, not required core Countdown material."
identity_crisis_context,core_buildup,Core buildup,007,Identity Crisis,Identity Crisis,7,PUB-IDENTITY-CRISIS-0007,context,recommended,No,https://en.wikipedia.org/wiki/Infinite_Crisis,verified,"Contextual lead-in, not required core Countdown material."
jla_crisis_of_conscience,core_buildup,Core buildup,001,Crisis of Conscience,JLA,115,PUB-JLA-0115,direct lead-in,recommended,No,https://en.wikipedia.org/wiki/Infinite_Crisis,verified,Listed as notable direct lead-in context.
jla_crisis_of_conscience,core_buildup,Core buildup,002,Crisis of Conscience,JLA,116,PUB-JLA-0116,direct lead-in,recommended,No,https://en.wikipedia.org/wiki/Infinite_Crisis,verified,Listed as notable direct lead-in context.
jla_crisis_of_conscience,core_buildup,Core buildup,003,Crisis of Conscience,JLA,117,PUB-JLA-0117,direct lead-in,recommended,No,https://en.wikipedia.org/wiki/Infinite_Crisis,verified,Listed as notable direct lead-in context.
jla_crisis_of_conscience,core_buildup,Core buildup,004,Crisis of Conscience,JLA,118,PUB-JLA-0118,direct lead-in,recommended,No,https://en.wikipedia.org/wiki/Infinite_Crisis,verified,Listed as notable direct lead-in context.
jla_crisis_of_conscience,core_buildup,Core buildup,005,Crisis of Conscience,JLA,119,PUB-JLA-0119,direct lead-in,recommended,No,https://en.wikipedia.org/wiki/Infinite_Crisis,verified,Listed as notable direct lead-in context.
countdown_weekly_series,core_weekly_series,Core weekly series,001,Countdown,Countdown to Final Crisis,51,PUB-COUNTDOWN-FINAL-CRISIS-0051,core,required,Yes,https://en.wikipedia.org/wiki/Countdown_to_Final_Crisis,verified,Core weekly series counted backwards #51 to #1.
countdown_weekly_series,core_weekly_series,Core weekly series,002,Countdown,Countdown to Final Crisis,50,PUB-COUNTDOWN-FINAL-CRISIS-0050,core,required,Yes,https://en.wikipedia.org/wiki/Countdown_to_Final_Crisis,verified,Core weekly series counted backwards #51 to #1.
countdown_weekly_series,core_weekly_series,Core weekly series,003,Countdown,Countdown to Final Crisis,49,PUB-COUNTDOWN-FINAL-CRISIS-0049,core,required,Yes,https://en.wikipedia.org/wiki/Countdown_to_Final_Crisis,verified,Core weekly series counted backwards #51 to #1.
countdown_weekly_series,core_weekly_series,Core weekly series,004,Countdown,Countdown to Final Crisis,48,PUB-COUNTDOWN-FINAL-CRISIS-0048,core,required,Yes,https://en.wikipedia.org/wiki/Countdown_to_Final_Crisis,verified,Core weekly series counted backwards #51 to #1.
countdown_weekly_series,core_weekly_series,Core weekly series,005,Countdown,Countdown to Final Crisis,47,PUB-COUNTDOWN-FINAL-CRISIS-0047,core,required,Yes,https://en.wikipedia.org/wiki/Countdown_to_Final_Crisis,verified,Core weekly series counted backwards #51 to #1.
countdown_weekly_series,core_weekly_series,Core weekly series,006,Countdown,Countdown to Final Crisis,46,PUB-COUNTDOWN-FINAL-CRISIS-0046,core,required,Yes,https://en.wikipedia.org/wiki/Countdown_to_Final_Crisis,verified,Core weekly series counted backwards #51 to #1.
countdown_weekly_series,core_weekly_series,Core weekly series,007,Countdown,Countdown to Final Crisis,45,PUB-COUNTDOWN-FINAL-CRISIS-0045,core,required,Yes,https://en.wikipedia.org/wiki/Countdown_to_Final_Crisis,verified,Core weekly series counted backwards #51 to #1.
countdown_weekly_series,core_weekly_series,Core weekly series,008,Countdown,Countdown to Final Crisis,44,PUB-COUNTDOWN-FINAL-CRISIS-0044,core,required,Yes,https://en.wikipedia.org/wiki/Countdown_to_Final_Crisis,verified,Core weekly series counted backwards #51 to #1.
countdown_weekly_series,core_weekly_series,Core weekly series,009,Countdown,Countdown to Final Crisis,43,PUB-COUNTDOWN-FINAL-CRISIS-0043,core,required,Yes,https://en.wikipedia.org/wiki/Countdown_to_Final_Crisis,verified,Core weekly series counted backwards #51 to #1.
countdown_weekly_series,core_weekly_series,Core weekly series,010,Countdown,Countdown to Final Crisis,42,PUB-COUNTDOWN-FINAL-CRISIS-0042,core,required,Yes,https://en.wikipedia.org/wiki/Countdown_to_Final_Crisis,verified,Core weekly series counted backwards #51 to #1.
countdown_weekly_series,core_weekly_series,Core weekly series,011,Countdown,Countdown to Final Crisis,41,PUB-COUNTDOWN-FINAL-CRISIS-0041,core,required,Yes,https://en.wikipedia.org/wiki/Countdown_to_Final_Crisis,verified,Core weekly series counted backwards #51 to #1.
countdown_weekly_series,core_weekly_series,Core weekly series,012,Countdown,Countdown to Final Crisis,40,PUB-COUNTDOWN-FINAL-CRISIS-0040,core,required,Yes,https://en.wikipedia.org/wiki/Countdown_to_Final_Crisis,verified,Core weekly series counted backwards #51 to #1.
countdown_weekly_series,core_weekly_series,Core weekly series,013,Countdown,Countdown to Final Crisis,39,PUB-COUNTDOWN-FINAL-CRISIS-0039,core,required,Yes,https://en.wikipedia.org/wiki/Countdown_to_Final_Crisis,verified,Core weekly series counted backwards #51 to #1.
countdown_weekly_series,core_weekly_series,Core weekly series,014,Countdown,Countdown to Final Crisis,38,PUB-COUNTDOWN-FINAL-CRISIS-0038,core,required,Yes,https://en.wikipedia.org/wiki/Countdown_to_Final_Crisis,verified,Core weekly series counted backwards #51 to #1.
countdown_weekly_series,core_weekly_series,Core weekly series,015,Countdown,Countdown to Final Crisis,37,PUB-COUNTDOWN-FINAL-CRISIS-0037,core,required,Yes,https://en.wikipedia.org/wiki/Countdown_to_Final_Crisis,verified,Core weekly series counted backwards #51 to #1.
countdown_weekly_series,core_weekly_series,Core weekly series,016,Countdown,Countdown to Final Crisis,36,PUB-COUNTDOWN-FINAL-CRISIS-0036,core,required,Yes,https://en.wikipedia.org/wiki/Countdown_to_Final_Crisis,verified,Core weekly series counted backwards #51 to #1.
countdown_weekly_series,core_weekly_series,Core weekly series,017,Countdown,Countdown to Final Crisis,35,PUB-COUNTDOWN-FINAL-CRISIS-0035,core,required,Yes,https://en.wikipedia.org/wiki/Countdown_to_Final_Crisis,verified,Core weekly series counted backwards #51 to #1.
countdown_weekly_series,core_weekly_series,Core weekly series,018,Countdown,Countdown to Final Crisis,34,PUB-COUNTDOWN-FINAL-CRISIS-0034,core,required,Yes,https://en.wikipedia.org/wiki/Countdown_to_Final_Crisis,verified,Core weekly series counted backwards #51 to #1.
countdown_weekly_series,core_weekly_series,Core weekly series,019,Countdown,Countdown to Final Crisis,33,PUB-COUNTDOWN-FINAL-CRISIS-0033,core,required,Yes,https://en.wikipedia.org/wiki/Countdown_to_Final_Crisis,verified,Core weekly series counted backwards #51 to #1.
countdown_weekly_series,core_weekly_series,Core weekly series,020,Countdown,Countdown to Final Crisis,32,PUB-COUNTDOWN-FINAL-CRISIS-0032,core,required,Yes,https://en.wikipedia.org/wiki/Countdown_to_Final_Crisis,verified,Core weekly series counted backwards #51 to #1.
countdown_weekly_series,core_weekly_series,Core weekly series,021,Countdown,Countdown to Final Crisis,31,PUB-COUNTDOWN-FINAL-CRISIS-0031,core,required,Yes,https://en.wikipedia.org/wiki/Countdown_to_Final_Crisis,verified,Core weekly series counted backwards #51 to #1.
countdown_weekly_series,core_weekly_series,Core weekly series,022,Countdown,Countdown to Final Crisis,30,PUB-COUNTDOWN-FINAL-CRISIS-0030,core,required,Yes,https://en.wikipedia.org/wiki/Countdown_to_Final_Crisis,verified,Core weekly series counted backwards #51 to #1.
countdown_weekly_series,core_weekly_series,Core weekly series,023,Countdown,Countdown to Final Crisis,29,PUB-COUNTDOWN-FINAL-CRISIS-0029,core,required,Yes,https://en.wikipedia.org/wiki/Countdown_to_Final_Crisis,verified,Core weekly series counted backwards #51 to #1.
countdown_weekly_series,core_weekly_series,Core weekly series,024,Countdown,Countdown to Final Crisis,28,PUB-COUNTDOWN-FINAL-CRISIS-0028,core,required,Yes,https://en.wikipedia.org/wiki/Countdown_to_Final_Crisis,verified,Core weekly series counted backwards #51 to #1.
countdown_weekly_series,core_weekly_series,Core weekly series,025,Countdown,Countdown to Final Crisis,27,PUB-COUNTDOWN-FINAL-CRISIS-0027,core,required,Yes,https://en.wikipedia.org/wiki/Countdown_to_Final_Crisis,verified,Core weekly series counted backwards #51 to #1.
countdown_weekly_series,core_weekly_series,Core weekly series,026,Countdown,Countdown to Final Crisis,26,PUB-COUNTDOWN-FINAL-CRISIS-0026,core,required,Yes,https://en.wikipedia.org/wiki/Countdown_to_Final_Crisis,verified,Core weekly series counted backwards #51 to #1.
countdown_weekly_series,core_weekly_series,Core weekly series,027,Countdown,Countdown to Final Crisis,25,PUB-COUNTDOWN-FINAL-CRISIS-0025,core,required,Yes,https://en.wikipedia.org/wiki/Countdown_to_Final_Crisis,verified,Core weekly series counted backwards #51 to #1.
countdown_weekly_series,core_weekly_series,Core weekly series,028,Countdown,Countdown to Final Crisis,24,PUB-COUNTDOWN-FINAL-CRISIS-0024,core,required,Yes,https://en.wikipedia.org/wiki/Countdown_to_Final_Crisis,verified,Core weekly series counted backwards #51 to #1.
countdown_weekly_series,core_weekly_series,Core weekly series,029,Countdown,Countdown to Final Crisis,23,PUB-COUNTDOWN-FINAL-CRISIS-0023,core,required,Yes,https://en.wikipedia.org/wiki/Countdown_to_Final_Crisis,verified,Core weekly series counted backwards #51 to #1.
countdown_weekly_series,core_weekly_series,Core weekly series,030,Countdown,Countdown to Final Crisis,22,PUB-COUNTDOWN-FINAL-CRISIS-0022,core,required,Yes,https://en.wikipedia.org/wiki/Countdown_to_Final_Crisis,verified,Core weekly series counted backwards #51 to #1.
countdown_weekly_series,core_weekly_series,Core weekly series,031,Countdown,Countdown to Final Crisis,21,PUB-COUNTDOWN-FINAL-CRISIS-0021,core,required,Yes,https://en.wikipedia.org/wiki/Countdown_to_Final_Crisis,verified,Core weekly series counted backwards #51 to #1.
countdown_weekly_series,core_weekly_series,Core weekly series,032,Countdown,Countdown to Final Crisis,20,PUB-COUNTDOWN-FINAL-CRISIS-0020,core,required,Yes,https://en.wikipedia.org/wiki/Countdown_to_Final_Crisis,verified,Core weekly series counted backwards #51 to #1.
countdown_weekly_series,core_weekly_series,Core weekly series,033,Countdown,Countdown to Final Crisis,19,PUB-COUNTDOWN-FINAL-CRISIS-0019,core,required,Yes,https://en.wikipedia.org/wiki/Countdown_to_Final_Crisis,verified,Core weekly series counted backwards #51 to #1.
countdown_weekly_series,core_weekly_series,Core weekly series,034,Countdown,Countdown to Final Crisis,18,PUB-COUNTDOWN-FINAL-CRISIS-0018,core,required,Yes,https://en.wikipedia.org/wiki/Countdown_to_Final_Crisis,verified,Core weekly series counted backwards #51 to #1.
countdown_weekly_series,core_weekly_series,Core weekly series,035,Countdown,Countdown to Final Crisis,17,PUB-COUNTDOWN-FINAL-CRISIS-0017,core,required,Yes,https://en.wikipedia.org/wiki/Countdown_to_Final_Crisis,verified,Core weekly series counted backwards #51 to #1.
countdown_weekly_series,core_weekly_series,Core weekly series,036,Countdown,Countdown to Final Crisis,16,PUB-COUNTDOWN-FINAL-CRISIS-0016,core,required,Yes,https://en.wikipedia.org/wiki/Countdown_to_Final_Crisis,verified,Core weekly series counted backwards #51 to #1.
countdown_weekly_series,core_weekly_series,Core weekly series,037,Countdown,Countdown to Final Crisis,15,PUB-COUNTDOWN-FINAL-CRISIS-0015,core,required,Yes,https://en.wikipedia.org/wiki/Countdown_to_Final_Crisis,verified,Core weekly series counted backwards #51 to #1.
countdown_weekly_series,core_weekly_series,Core weekly series,038,Countdown,Countdown to Final Crisis,14,PUB-COUNTDOWN-FINAL-CRISIS-0014,core,required,Yes,https://en.wikipedia.org/wiki/Countdown_to_Final_Crisis,verified,Core weekly series counted backwards #51 to #1.
countdown_weekly_series,core_weekly_series,Core weekly series,039,Countdown,Countdown to Final Crisis,13,PUB-COUNTDOWN-FINAL-CRISIS-0013,core,required,Yes,https://en.wikipedia.org/wiki/Countdown_to_Final_Crisis,verified,Core weekly series counted backwards #51 to #1.
countdown_weekly_series,core_weekly_series,Core weekly series,040,Countdown,Countdown to Final Crisis,12,PUB-COUNTDOWN-FINAL-CRISIS-0012,core,required,Yes,https://en.wikipedia.org/wiki/Countdown_to_Final_Crisis,verified,Core weekly series counted backwards #51 to #1.
countdown_weekly_series,core_weekly_series,Core weekly series,041,Countdown,Countdown to Final Crisis,11,PUB-COUNTDOWN-FINAL-CRISIS-0011,core,required,Yes,https://en.wikipedia.org/wiki/Countdown_to_Final_Crisis,verified,Core weekly series counted backwards #51 to #1.
countdown_weekly_series,core_weekly_series,Core weekly series,042,Countdown,Countdown to Final Crisis,10,PUB-COUNTDOWN-FINAL-CRISIS-0010,core,required,Yes,https://en.wikipedia.org/wiki/Countdown_to_Final_Crisis,verified,Core weekly series counted backwards #51 to #1.
countdown_weekly_series,core_weekly_series,Core weekly series,043,Countdown,Countdown to Final Crisis,9,PUB-COUNTDOWN-FINAL-CRISIS-0009,core,required,Yes,https://en.wikipedia.org/wiki/Countdown_to_Final_Crisis,verified,Core weekly series counted backwards #51 to #1.
countdown_weekly_series,core_weekly_series,Core weekly series,044,Countdown,Countdown to Final Crisis,8,PUB-COUNTDOWN-FINAL-CRISIS-0008,core,required,Yes,https://en.wikipedia.org/wiki/Countdown_to_Final_Crisis,verified,Core weekly series counted backwards #51 to #1.
countdown_weekly_series,core_weekly_series,Core weekly series,045,Countdown,Countdown to Final Crisis,7,PUB-COUNTDOWN-FINAL-CRISIS-0007,core,required,Yes,https://en.wikipedia.org/wiki/Countdown_to_Final_Crisis,verified,Core weekly series counted backwards #51 to #1.
countdown_weekly_series,core_weekly_series,Core weekly series,046,Countdown,Countdown to Final Crisis,6,PUB-COUNTDOWN-FINAL-CRISIS-0006,core,required,Yes,https://en.wikipedia.org/wiki/Countdown_to_Final_Crisis,verified,Core weekly series counted backwards #51 to #1.
countdown_weekly_series,core_weekly_series,Core weekly series,047,Countdown,Countdown to Final Crisis,5,PUB-COUNTDOWN-FINAL-CRISIS-0005,core,required,Yes,https://en.wikipedia.org/wiki/Countdown_to_Final_Crisis,verified,Core weekly series counted backwards #51 to #1.
countdown_weekly_series,core_weekly_series,Core weekly series,048,Countdown,Countdown to Final Crisis,4,PUB-COUNTDOWN-FINAL-CRISIS-0004,core,required,Yes,https://en.wikipedia.org/wiki/Countdown_to_Final_Crisis,verified,Core weekly series counted backwards #51 to #1.
countdown_weekly_series,core_weekly_series,Core weekly series,049,Countdown,Countdown to Final Crisis,3,PUB-COUNTDOWN-FINAL-CRISIS-0003,core,required,Yes,https://en.wikipedia.org/wiki/Countdown_to_Final_Crisis,verified,Core weekly series counted backwards #51 to #1.
countdown_weekly_series,core_weekly_series,Core weekly series,050,Countdown,Countdown to Final Crisis,2,PUB-COUNTDOWN-FINAL-CRISIS-0002,core,required,Yes,https://en.wikipedia.org/wiki/Countdown_to_Final_Crisis,verified,Core weekly series counted backwards #51 to #1.
countdown_weekly_series,core_weekly_series,Core weekly series,051,Countdown,Countdown to Final Crisis,1,PUB-COUNTDOWN-FINAL-CRISIS-0001,core,required,Yes,https://en.wikipedia.org/wiki/Countdown_to_Final_Crisis,verified,Core weekly series counted backwards #51 to #1.
dc_universe_zero,transition,Transition into Final Crisis,001,Transition,DC Universe,0,PUB-DC-UNIVERSE-0000,transition,optional,No,https://en.wikipedia.org/wiki/Final_Crisis,verified,Transition/prologue after Countdown; not counted as Countdown #0.
final_crisis,core_event,Core event,001,Final Crisis,Final Crisis,1,PUB-FINAL-CRISIS-0001,core,required,No,https://en.wikipedia.org/wiki/Final_Crisis,verified,Core Final Crisis event issue.
final_crisis,core_event,Core event,002,Final Crisis,Final Crisis,2,PUB-FINAL-CRISIS-0002,core,required,No,https://en.wikipedia.org/wiki/Final_Crisis,verified,Core Final Crisis event issue.
final_crisis,core_event,Core event,003,Final Crisis,Final Crisis,3,PUB-FINAL-CRISIS-0003,core,required,No,https://en.wikipedia.org/wiki/Final_Crisis,verified,Core Final Crisis event issue.
final_crisis,core_event,Core event,004,Final Crisis,Final Crisis,4,PUB-FINAL-CRISIS-0004,core,required,No,https://en.wikipedia.org/wiki/Final_Crisis,verified,Core Final Crisis event issue.
final_crisis,core_event,Core event,005,Final Crisis,Final Crisis,5,PUB-FINAL-CRISIS-0005,core,required,No,https://en.wikipedia.org/wiki/Final_Crisis,verified,Core Final Crisis event issue.
final_crisis,core_event,Core event,006,Final Crisis,Final Crisis,6,PUB-FINAL-CRISIS-0006,core,required,No,https://en.wikipedia.org/wiki/Final_Crisis,verified,Core Final Crisis event issue.
final_crisis,core_event,Core event,007,Final Crisis,Final Crisis,7,PUB-FINAL-CRISIS-0007,core,required,No,https://en.wikipedia.org/wiki/Final_Crisis,verified,Core Final Crisis event issue.
countdown_to_adventure,verified_membership,Verified membership,001,Countdown to Adventure,Countdown to Adventure,1,PUB-COUNTDOWN-TO-ADVENTURE-0001,companion,optional,No,https://en.wikipedia.org/wiki/Countdown_to_Final_Crisis,verified,
countdown_to_mystery,verified_membership,Verified membership,001,Countdown to Mystery,Countdown to Mystery,1,PUB-COUNTDOWN-TO-MYSTERY-0001,companion,optional,No,https://en.wikipedia.org/wiki/Countdown_to_Final_Crisis,verified,
countdown_to_adventure,verified_membership,Verified membership,002,Countdown to Adventure,Countdown to Adventure,2,PUB-COUNTDOWN-TO-ADVENTURE-0002,companion,optional,No,https://en.wikipedia.org/wiki/Countdown_to_Final_Crisis,verified,
countdown_to_mystery,verified_membership,Verified membership,002,Countdown to Mystery,Countdown to Mystery,2,PUB-COUNTDOWN-TO-MYSTERY-0002,companion,optional,No,https://en.wikipedia.org/wiki/Countdown_to_Final_Crisis,verified,
countdown_to_adventure,verified_membership,Verified membership,003,Countdown to Adventure,Countdown to Adventure,3,PUB-COUNTDOWN-TO-ADVENTURE-0003,companion,optional,No,https://en.wikipedia.org/wiki/Countdown_to_Final_Crisis,verified,
countdown_to_mystery,verified_membership,Verified membership,003,Countdown to Mystery,Countdown to Mystery,3,PUB-COUNTDOWN-TO-MYSTERY-0003,companion,optional,No,https://en.wikipedia.org/wiki/Countdown_to_Final_Crisis,verified,
countdown_to_adventure,verified_membership,Verified membership,004,Countdown to Adventure,Countdown to Adventure,4,PUB-COUNTDOWN-TO-ADVENTURE-0004,companion,optional,No,https://en.wikipedia.org/wiki/Countdown_to_Final_Crisis,verified,
countdown_to_mystery,verified_membership,Verified membership,004,Countdown to Mystery,Countdown to Mystery,4,PUB-COUNTDOWN-TO-MYSTERY-0004,companion,optional,No,https://en.wikipedia.org/wiki/Countdown_to_Final_Crisis,verified,
countdown_to_adventure,verified_membership,Verified membership,005,Countdown to Adventure,Countdown to Adventure,5,PUB-COUNTDOWN-TO-ADVENTURE-0005,companion,optional,No,https://en.wikipedia.org/wiki/Countdown_to_Final_Crisis,verified,
countdown_to_mystery,verified_membership,Verified membership,005,Countdown to Mystery,Countdown to Mystery,5,PUB-COUNTDOWN-TO-MYSTERY-0005,companion,optional,No,https://en.wikipedia.org/wiki/Countdown_to_Final_Crisis,verified,
countdown_to_adventure,verified_membership,Verified membership,006,Countdown to Adventure,Countdown to Adventure,6,PUB-COUNTDOWN-TO-ADVENTURE-0006,companion,optional,No,https://en.wikipedia.org/wiki/Countdown_to_Final_Crisis,verified,
countdown_to_mystery,verified_membership,Verified membership,006,Countdown to Mystery,Countdown to Mystery,6,PUB-COUNTDOWN-TO-MYSTERY-0006,companion,optional,No,https://en.wikipedia.org/wiki/Countdown_to_Final_Crisis,verified,
countdown_to_adventure,verified_membership,Verified membership,007,Countdown to Adventure,Countdown to Adventure,7,PUB-COUNTDOWN-TO-ADVENTURE-0007,companion,optional,No,https://en.wikipedia.org/wiki/Countdown_to_Final_Crisis,verified,
countdown_to_mystery,verified_membership,Verified membership,007,Countdown to Mystery,Countdown to Mystery,7,PUB-COUNTDOWN-TO-MYSTERY-0007,companion,optional,No,https://en.wikipedia.org/wiki/Countdown_to_Final_Crisis,verified,
countdown_to_adventure,verified_membership,Verified membership,008,Countdown to Adventure,Countdown to Adventure,8,PUB-COUNTDOWN-TO-ADVENTURE-0008,companion,optional,No,https://en.wikipedia.org/wiki/Countdown_to_Final_Crisis,verified,
countdown_to_mystery,verified_membership,Verified membership,008,Countdown to Mystery,Countdown to Mystery,8,PUB-COUNTDOWN-TO-MYSTERY-0008,companion,optional,No,https://en.wikipedia.org/wiki/Countdown_to_Final_Crisis,verified,
countdown_lord_havok_extremists,verified_membership,Verified membership,001,Lord Havok,Countdown Presents: Lord Havok and the Extremists,1,PUB-COUNTDOWN-LORD-HAVOK-0001,companion,optional,No,https://en.wikipedia.org/wiki/Countdown_to_Final_Crisis,verified,
countdown_lord_havok_extremists,verified_membership,Verified membership,002,Lord Havok,Countdown Presents: Lord Havok and the Extremists,2,PUB-COUNTDOWN-LORD-HAVOK-0002,companion,optional,No,https://en.wikipedia.org/wiki/Countdown_to_Final_Crisis,verified,
countdown_lord_havok_extremists,verified_membership,Verified membership,003,Lord Havok,Countdown Presents: Lord Havok and the Extremists,3,PUB-COUNTDOWN-LORD-HAVOK-0003,companion,optional,No,https://en.wikipedia.org/wiki/Countdown_to_Final_Crisis,verified,
countdown_lord_havok_extremists,verified_membership,Verified membership,004,Lord Havok,Countdown Presents: Lord Havok and the Extremists,4,PUB-COUNTDOWN-LORD-HAVOK-0004,companion,optional,No,https://en.wikipedia.org/wiki/Countdown_to_Final_Crisis,verified,
countdown_lord_havok_extremists,verified_membership,Verified membership,005,Lord Havok,Countdown Presents: Lord Havok and the Extremists,5,PUB-COUNTDOWN-LORD-HAVOK-0005,companion,optional,No,https://en.wikipedia.org/wiki/Countdown_to_Final_Crisis,verified,
countdown_lord_havok_extremists,verified_membership,Verified membership,006,Lord Havok,Countdown Presents: Lord Havok and the Extremists,6,PUB-COUNTDOWN-LORD-HAVOK-0006,companion,optional,No,https://en.wikipedia.org/wiki/Countdown_to_Final_Crisis,verified,
countdown_arena,verified_membership,Verified membership,001,Arena,Countdown: Arena,1,PUB-COUNTDOWN-ARENA-0001,companion,optional,No,https://en.wikipedia.org/wiki/Countdown_to_Final_Crisis,verified,
countdown_arena,verified_membership,Verified membership,002,Arena,Countdown: Arena,2,PUB-COUNTDOWN-ARENA-0002,companion,optional,No,https://en.wikipedia.org/wiki/Countdown_to_Final_Crisis,verified,
countdown_arena,verified_membership,Verified membership,003,Arena,Countdown: Arena,3,PUB-COUNTDOWN-ARENA-0003,companion,optional,No,https://en.wikipedia.org/wiki/Countdown_to_Final_Crisis,verified,
countdown_arena,verified_membership,Verified membership,004,Arena,Countdown: Arena,4,PUB-COUNTDOWN-ARENA-0004,companion,optional,No,https://en.wikipedia.org/wiki/Countdown_to_Final_Crisis,verified,
crime_bible_five_lessons,verified_membership,Verified membership,001,Crime Bible,52 Aftermath: The Crime Bible: Five Lessons of Blood,1,PUB-CRIME-BIBLE-FIVE-LESSONS-0001,related,optional,No,https://en.wikipedia.org/wiki/Countdown_to_Final_Crisis,verified,
crime_bible_five_lessons,verified_membership,Verified membership,002,Crime Bible,52 Aftermath: The Crime Bible: Five Lessons of Blood,2,PUB-CRIME-BIBLE-FIVE-LESSONS-0002,related,optional,No,https://en.wikipedia.org/wiki/Countdown_to_Final_Crisis,verified,
crime_bible_five_lessons,verified_membership,Verified membership,003,Crime Bible,52 Aftermath: The Crime Bible: Five Lessons of Blood,3,PUB-CRIME-BIBLE-FIVE-LESSONS-0003,related,optional,No,https://en.wikipedia.org/wiki/Countdown_to_Final_Crisis,verified,
crime_bible_five_lessons,verified_membership,Verified membership,004,Crime Bible,52 Aftermath: The Crime Bible: Five Lessons of Blood,4,PUB-CRIME-BIBLE-FIVE-LESSONS-0004,related,optional,No,https://en.wikipedia.org/wiki/Countdown_to_Final_Crisis,verified,
crime_bible_five_lessons,verified_membership,Verified membership,005,Crime Bible,52 Aftermath: The Crime Bible: Five Lessons of Blood,5,PUB-CRIME-BIBLE-FIVE-LESSONS-0005,related,optional,No,https://en.wikipedia.org/wiki/Countdown_to_Final_Crisis,verified,
black_adam_dark_age,verified_membership,Verified membership,001,Black Adam,Black Adam: The Dark Age,1,PUB-BLACK-ADAM-DARK-AGE-0001,related,optional,No,https://en.wikipedia.org/wiki/Countdown_to_Final_Crisis,verified,
black_adam_dark_age,verified_membership,Verified membership,002,Black Adam,Black Adam: The Dark Age,2,PUB-BLACK-ADAM-DARK-AGE-0002,related,optional,No,https://en.wikipedia.org/wiki/Countdown_to_Final_Crisis,verified,
black_adam_dark_age,verified_membership,Verified membership,003,Black Adam,Black Adam: The Dark Age,3,PUB-BLACK-ADAM-DARK-AGE-0003,related,optional,No,https://en.wikipedia.org/wiki/Countdown_to_Final_Crisis,verified,
black_adam_dark_age,verified_membership,Verified membership,004,Black Adam,Black Adam: The Dark Age,4,PUB-BLACK-ADAM-DARK-AGE-0004,related,optional,No,https://en.wikipedia.org/wiki/Countdown_to_Final_Crisis,verified,
black_adam_dark_age,verified_membership,Verified membership,005,Black Adam,Black Adam: The Dark Age,5,PUB-BLACK-ADAM-DARK-AGE-0005,related,optional,No,https://en.wikipedia.org/wiki/Countdown_to_Final_Crisis,verified,
black_adam_dark_age,verified_membership,Verified membership,006,Black Adam,Black Adam: The Dark Age,6,PUB-BLACK-ADAM-DARK-AGE-0006,related,optional,No,https://en.wikipedia.org/wiki/Countdown_to_Final_Crisis,verified,
salvation_run,verified_membership,Verified membership,001,Salvation Run,Salvation Run,1,PUB-SALVATION-RUN-0001,related,optional,No,https://en.wikipedia.org/wiki/Countdown_to_Final_Crisis,verified,
salvation_run,verified_membership,Verified membership,002,Salvation Run,Salvation Run,2,PUB-SALVATION-RUN-0002,related,optional,No,https://en.wikipedia.org/wiki/Countdown_to_Final_Crisis,verified,
salvation_run,verified_membership,Verified membership,003,Salvation Run,Salvation Run,3,PUB-SALVATION-RUN-0003,related,optional,No,https://en.wikipedia.org/wiki/Countdown_to_Final_Crisis,verified,
salvation_run,verified_membership,Verified membership,004,Salvation Run,Salvation Run,4,PUB-SALVATION-RUN-0004,related,optional,No,https://en.wikipedia.org/wiki/Countdown_to_Final_Crisis,verified,
salvation_run,verified_membership,Verified membership,005,Salvation Run,Salvation Run,5,PUB-SALVATION-RUN-0005,related,optional,No,https://en.wikipedia.org/wiki/Countdown_to_Final_Crisis,verified,
salvation_run,verified_membership,Verified membership,006,Salvation Run,Salvation Run,6,PUB-SALVATION-RUN-0006,related,optional,No,https://en.wikipedia.org/wiki/Countdown_to_Final_Crisis,verified,
salvation_run,verified_membership,Verified membership,007,Salvation Run,Salvation Run,7,PUB-SALVATION-RUN-0007,related,optional,No,https://en.wikipedia.org/wiki/Countdown_to_Final_Crisis,verified,
death_of_the_new_gods,verified_membership,Verified membership,001,Death of the New Gods,Death of the New Gods,1,PUB-DEATH-OF-THE-NEW-GODS-0001,related,optional,No,https://en.wikipedia.org/wiki/Countdown_to_Final_Crisis,verified,
death_of_the_new_gods,verified_membership,Verified membership,002,Death of the New Gods,Death of the New Gods,2,PUB-DEATH-OF-THE-NEW-GODS-0002,related,optional,No,https://en.wikipedia.org/wiki/Countdown_to_Final_Crisis,verified,
death_of_the_new_gods,verified_membership,Verified membership,003,Death of the New Gods,Death of the New Gods,3,PUB-DEATH-OF-THE-NEW-GODS-0003,related,optional,No,https://en.wikipedia.org/wiki/Countdown_to_Final_Crisis,verified,
death_of_the_new_gods,verified_membership,Verified membership,004,Death of the New Gods,Death of the New Gods,4,PUB-DEATH-OF-THE-NEW-GODS-0004,related,optional,No,https://en.wikipedia.org/wiki/Countdown_to_Final_Crisis,verified,
death_of_the_new_gods,verified_membership,Verified membership,005,Death of the New Gods,Death of the New Gods,5,PUB-DEATH-OF-THE-NEW-GODS-0005,related,optional,No,https://en.wikipedia.org/wiki/Countdown_to_Final_Crisis,verified,
death_of_the_new_gods,verified_membership,Verified membership,006,Death of the New Gods,Death of the New Gods,6,PUB-DEATH-OF-THE-NEW-GODS-0006,related,optional,No,https://en.wikipedia.org/wiki/Countdown_to_Final_Crisis,verified,
death_of_the_new_gods,verified_membership,Verified membership,007,Death of the New Gods,Death of the New Gods,7,PUB-DEATH-OF-THE-NEW-GODS-0007,related,optional,No,https://en.wikipedia.org/wiki/Countdown_to_Final_Crisis,verified,
death_of_the_new_gods,verified_membership,Verified membership,008,Death of the New Gods,Death of the New Gods,8,PUB-DEATH-OF-THE-NEW-GODS-0008,related,optional,No,https://en.wikipedia.org/wiki/Countdown_to_Final_Crisis,verified,
countdown_search_ray_palmer,verified_specials,Verified specials,001,Search for Ray Palmer,Countdown Presents: The Search for Ray Palmer: Crime Society,1,PUB-SEARCH-RAY-PALMER-CRIME-SOCIETY-0001,companion special,optional,No,https://en.wikipedia.org/wiki/Countdown_to_Final_Crisis,verified,
countdown_search_ray_palmer,verified_specials,Verified specials,002,Search for Ray Palmer,Countdown Presents: The Search for Ray Palmer: local by Gaslight,1,PUB-SEARCH-RAY-PALMER-GOTHAM-BY-GASLIGHT-0001,companion special,optional,No,https://en.wikipedia.org/wiki/Countdown_to_Final_Crisis,verified,
countdown_search_ray_palmer,verified_specials,Verified specials,003,Search for Ray Palmer,Countdown Presents: The Search for Ray Palmer: Red Rain,1,PUB-SEARCH-RAY-PALMER-RED-RAIN-0001,companion special,optional,No,https://en.wikipedia.org/wiki/Countdown_to_Final_Crisis,verified,
countdown_search_ray_palmer,verified_specials,Verified specials,004,Search for Ray Palmer,Countdown Presents: The Search for Ray Palmer: Red Son,1,PUB-SEARCH-RAY-PALMER-RED-SON-0001,companion special,optional,No,https://en.wikipedia.org/wiki/Countdown_to_Final_Crisis,verified,
countdown_search_ray_palmer,verified_specials,Verified specials,005,Search for Ray Palmer,Countdown Presents: The Search for Ray Palmer: Superwoman/Batwoman,1,PUB-SEARCH-RAY-PALMER-SUPERWOMAN-BATWOMAN-0001,companion special,optional,No,https://en.wikipedia.org/wiki/Countdown_to_Final_Crisis,verified,
countdown_search_ray_palmer,verified_specials,Verified specials,006,Search for Ray Palmer,Countdown Presents: The Search for Ray Palmer: Wildstorm,1,PUB-SEARCH-RAY-PALMER-WILDSTORM-0001,companion special,optional,No,https://en.wikipedia.org/wiki/Countdown_to_Final_Crisis,verified,
the_omac_item,expanded_with_special,Expanded with Infinite Crisis Special,001,The OMAC Item,The OMAC Item,1,PUB-THE-OMAC-PROJECT-0001,core,required,No,https://en.wikipedia.org/wiki/Infinite_Crisis,verified,Major Infinite Crisis lead-in miniseries issue. Also counted in expanded scope with the Infinite Crisis Special.
the_omac_item,expanded_with_special,Expanded with Infinite Crisis Special,002,The OMAC Item,The OMAC Item,2,PUB-THE-OMAC-PROJECT-0002,core,required,No,https://en.wikipedia.org/wiki/Infinite_Crisis,verified,Major Infinite Crisis lead-in miniseries issue. Also counted in expanded scope with the Infinite Crisis Special.
the_omac_item,expanded_with_special,Expanded with Infinite Crisis Special,003,The OMAC Item,The OMAC Item,3,PUB-THE-OMAC-PROJECT-0003,core,required,No,https://en.wikipedia.org/wiki/Infinite_Crisis,verified,Major Infinite Crisis lead-in miniseries issue. Also counted in expanded scope with the Infinite Crisis Special.
the_omac_item,expanded_with_special,Expanded with Infinite Crisis Special,004,The OMAC Item,The OMAC Item,4,PUB-THE-OMAC-PROJECT-0004,core,required,No,https://en.wikipedia.org/wiki/Infinite_Crisis,verified,Major Infinite Crisis lead-in miniseries issue. Also counted in expanded scope with the Infinite Crisis Special.
the_omac_item,expanded_with_special,Expanded with Infinite Crisis Special,005,The OMAC Item,The OMAC Item,5,PUB-THE-OMAC-PROJECT-0005,core,required,No,https://en.wikipedia.org/wiki/Infinite_Crisis,verified,Major Infinite Crisis lead-in miniseries issue. Also counted in expanded scope with the Infinite Crisis Special.
the_omac_item,expanded_with_special,Expanded with Infinite Crisis Special,006,The OMAC Item,The OMAC Item,6,PUB-THE-OMAC-PROJECT-0006,core,required,No,https://en.wikipedia.org/wiki/Infinite_Crisis,verified,Major Infinite Crisis lead-in miniseries issue. Also counted in expanded scope with the Infinite Crisis Special.
villains_united,expanded_with_special,Expanded with Infinite Crisis Special,001,Villains United,Villains United,1,PUB-VILLAINS-UNITED-0001,core,required,No,https://en.wikipedia.org/wiki/Infinite_Crisis,verified,Major Infinite Crisis lead-in miniseries issue. Also counted in expanded scope with the Infinite Crisis Special.
villains_united,expanded_with_special,Expanded with Infinite Crisis Special,002,Villains United,Villains United,2,PUB-VILLAINS-UNITED-0002,core,required,No,https://en.wikipedia.org/wiki/Infinite_Crisis,verified,Major Infinite Crisis lead-in miniseries issue. Also counted in expanded scope with the Infinite Crisis Special.
villains_united,expanded_with_special,Expanded with Infinite Crisis Special,003,Villains United,Villains United,3,PUB-VILLAINS-UNITED-0003,core,required,No,https://en.wikipedia.org/wiki/Infinite_Crisis,verified,Major Infinite Crisis lead-in miniseries issue. Also counted in expanded scope with the Infinite Crisis Special.
villains_united,expanded_with_special,Expanded with Infinite Crisis Special,004,Villains United,Villains United,4,PUB-VILLAINS-UNITED-0004,core,required,No,https://en.wikipedia.org/wiki/Infinite_Crisis,verified,Major Infinite Crisis lead-in miniseries issue. Also counted in expanded scope with the Infinite Crisis Special.
villains_united,expanded_with_special,Expanded with Infinite Crisis Special,005,Villains United,Villains United,5,PUB-VILLAINS-UNITED-0005,core,required,No,https://en.wikipedia.org/wiki/Infinite_Crisis,verified,Major Infinite Crisis lead-in miniseries issue. Also counted in expanded scope with the Infinite Crisis Special.
villains_united,expanded_with_special,Expanded with Infinite Crisis Special,006,Villains United,Villains United,6,PUB-VILLAINS-UNITED-0006,core,required,No,https://en.wikipedia.org/wiki/Infinite_Crisis,verified,Major Infinite Crisis lead-in miniseries issue. Also counted in expanded scope with the Infinite Crisis Special.
day_of_vengeance,expanded_with_special,Expanded with Infinite Crisis Special,001,Day of Vengeance,Day of Vengeance,1,PUB-DAY-OF-VENGEANCE-0001,core,required,No,https://en.wikipedia.org/wiki/Infinite_Crisis,verified,Major Infinite Crisis lead-in miniseries issue. Also counted in expanded scope with the Infinite Crisis Special.
day_of_vengeance,expanded_with_special,Expanded with Infinite Crisis Special,002,Day of Vengeance,Day of Vengeance,2,PUB-DAY-OF-VENGEANCE-0002,core,required,No,https://en.wikipedia.org/wiki/Infinite_Crisis,verified,Major Infinite Crisis lead-in miniseries issue. Also counted in expanded scope with the Infinite Crisis Special.
day_of_vengeance,expanded_with_special,Expanded with Infinite Crisis Special,003,Day of Vengeance,Day of Vengeance,3,PUB-DAY-OF-VENGEANCE-0003,core,required,No,https://en.wikipedia.org/wiki/Infinite_Crisis,verified,Major Infinite Crisis lead-in miniseries issue. Also counted in expanded scope with the Infinite Crisis Special.
day_of_vengeance,expanded_with_special,Expanded with Infinite Crisis Special,004,Day of Vengeance,Day of Vengeance,4,PUB-DAY-OF-VENGEANCE-0004,core,required,No,https://en.wikipedia.org/wiki/Infinite_Crisis,verified,Major Infinite Crisis lead-in miniseries issue. Also counted in expanded scope with the Infinite Crisis Special.
day_of_vengeance,expanded_with_special,Expanded with Infinite Crisis Special,005,Day of Vengeance,Day of Vengeance,5,PUB-DAY-OF-VENGEANCE-0005,core,required,No,https://en.wikipedia.org/wiki/Infinite_Crisis,verified,Major Infinite Crisis lead-in miniseries issue. Also counted in expanded scope with the Infinite Crisis Special.
day_of_vengeance,expanded_with_special,Expanded with Infinite Crisis Special,006,Day of Vengeance,Day of Vengeance,6,PUB-DAY-OF-VENGEANCE-0006,core,required,No,https://en.wikipedia.org/wiki/Infinite_Crisis,verified,Major Infinite Crisis lead-in miniseries issue. Also counted in expanded scope with the Infinite Crisis Special.
rann_thanagar_war,expanded_with_special,Expanded with Infinite Crisis Special,001,Rann-Thanagar War,Rann-Thanagar War,1,PUB-RANN-THANAGAR-WAR-0001,core,required,No,https://en.wikipedia.org/wiki/Rann%E2%80%93Thanagar_War,verified,Major Infinite Crisis lead-in miniseries issue. Also counted in expanded scope with the Infinite Crisis Special.
rann_thanagar_war,expanded_with_special,Expanded with Infinite Crisis Special,002,Rann-Thanagar War,Rann-Thanagar War,2,PUB-RANN-THANAGAR-WAR-0002,core,required,No,https://en.wikipedia.org/wiki/Rann%E2%80%93Thanagar_War,verified,Major Infinite Crisis lead-in miniseries issue. Also counted in expanded scope with the Infinite Crisis Special.
rann_thanagar_war,expanded_with_special,Expanded with Infinite Crisis Special,003,Rann-Thanagar War,Rann-Thanagar War,3,PUB-RANN-THANAGAR-WAR-0003,core,required,No,https://en.wikipedia.org/wiki/Rann%E2%80%93Thanagar_War,verified,Major Infinite Crisis lead-in miniseries issue. Also counted in expanded scope with the Infinite Crisis Special.
rann_thanagar_war,expanded_with_special,Expanded with Infinite Crisis Special,004,Rann-Thanagar War,Rann-Thanagar War,4,PUB-RANN-THANAGAR-WAR-0004,core,required,No,https://en.wikipedia.org/wiki/Rann%E2%80%93Thanagar_War,verified,Major Infinite Crisis lead-in miniseries issue. Also counted in expanded scope with the Infinite Crisis Special.
rann_thanagar_war,expanded_with_special,Expanded with Infinite Crisis Special,005,Rann-Thanagar War,Rann-Thanagar War,5,PUB-RANN-THANAGAR-WAR-0005,core,required,No,https://en.wikipedia.org/wiki/Rann%E2%80%93Thanagar_War,verified,Major Infinite Crisis lead-in miniseries issue. Also counted in expanded scope with the Infinite Crisis Special.
rann_thanagar_war,expanded_with_special,Expanded with Infinite Crisis Special,006,Rann-Thanagar War,Rann-Thanagar War,6,PUB-RANN-THANAGAR-WAR-0006,core,required,No,https://en.wikipedia.org/wiki/Rann%E2%80%93Thanagar_War,verified,Major Infinite Crisis lead-in miniseries issue. Also counted in expanded scope with the Infinite Crisis Special.
